Unique Key,Created Date,Closed Date,Agency,Agency Name,Complaint Type,Descriptor,Location Type,Incident Zip,Incident Address,Street Name,Cross Street 1,Cross Street 2,Intersection Street 1,Intersection Street 2,Address Type,City,Landmark,Facility Type,Status,Due Date,Resolution Description,Resolution Action Updated Date,Community Board,Borough,X Coordinate (State Plane),Y Coordinate (State Plane),Park Facility Name,Park Borough,School Name,School Number,School Region,School Code,School Phone Number,School Address,School City,School State,School Zip,School Not Found,School or Citywide Complaint,Vehicle Type,Taxi Company Borough,Taxi Pick Up Location,Bridge Highway Name,Bridge Highway Direction,Road Ramp,Bridge Highway Segment,Garage Lot Name,Ferry Direction,Ferry Terminal Name,Latitude,Longitude,Location
33643706,06/21/2016 12:34:23 AM,06/21/2016 07:47:51 AM,NYPD,New York City Police Department,Noise - Street/Sidewalk,Loud Talking,Street/Sidewalk,11231,79 LORRAINE STREET,LORRAINE STREET,COLUMBIA STREET,HICKS STREET,,,ADDRESS,BROOKLYN,,Precinct,Closed,06/21/2016 08:34:23 AM,The Police Department responded to the complaint and took action to fix the condition.,06/21/2016 07:47:52 AM,06 BROOKLYN,BROOKLYN,982413,184952,Unspecified,BROOKLYN,Unspecified,Unspecified,Unspecified,Unspecified,Unspecified,Unspecified,Unspecified,Unspecified,Unspecified,N,,,,,,,,,,,,40.67432707771706,-74.00662250211097,"(40.67432707771706, -74.00662250211097)"
33651042,06/21/2016 06:09:42 PM,06/21/2016 08:47:17 PM,NYPD,New York City Police Department,Noise - Vehicle,Engine Idling,Street/Sidewalk,11231,,,,,TIFFANY PLACE,KANE STREET,INTERSECTION,BROOKLYN,,Precinct,Closed,06/22/2016 02:09:42 AM,The Police Department responded to the complaint and with the information available observed no evidence of the violation at that time.,06/21/2016 08:47:17 PM,06 BROOKLYN,BROOKLYN,984101,189744,Unspecified,BROOKLYN,Unspecified,Unspecified,Unspecified,Unspecified,Unspecified,Unspecified,Unspecified,Unspecified,Unspecified,N,,,,,,,,,,,,40.68748021877294,-74.00053726045564,"(40.68748021877294, -74.00053726045564)"
33653280,06/21/2016 07:40:22 PM,06/21/2016 08:48:27 PM,NYPD,New York City Police Department,Noise - Vehicle,Engine Idling,Street/Sidewalk,11231,165 CONOVER STREET,CONOVER STREET,SULLIVAN STREET,WOLCOTT STREET,,,ADDRESS,BROOKLYN,,Precinct,Closed,06/22/2016 03:40:22 AM,The Police Department responded to the complaint and determined that police action was not necessary.,06/21/2016 08:48:27 PM,06 BROOKLYN,BROOKLYN,980368,186393,Unspecified,BROOKLYN,Unspecified,Unspecified,Unspecified,Unspecified,Unspecified,Unspecified,Unspecified,Unspecified,Unspecified,N,,,,,,,,,,,,40.67828163707107,-74.01399568739492,"(40.67828163707107, -74.01399568739492)"
33654645,06/21/2016 02:14:50 PM,06/21/2016 03:07:37 PM,NYPD,New York City Police Department,Noise - Commercial,Banging/Pounding,Store/Commercial,11231,175 DIKEMAN STREET,DIKEMAN STREET,CONOVER STREET,FERRIS STREET,,,ADDRESS,BROOKLYN,,Precinct,Closed,06/21/2016 10:14:50 PM,The Police Department responded to the complaint and determined that police action was not necessary.,06/21/2016 03:07:37 PM,06 BROOKLYN,BROOKLYN,979892,186383,Unspecified,BROOKLYN,Unspecified,Unspecified,Unspecified,Unspecified,Unspecified,Unspecified,Unspecified,Unspecified,Unspecified,N,,,,,,,,,,,,40.67825396779016,-74.0157117930007,"(40.67825396779016, -74.0157117930007)"
33654924,06/21/2016 02:09:48 PM,06/21/2016 03:07:35 PM,NYPD,New York City Police Department,Noise - Street/Sidewalk,Loud Music/Party,Street/Sidewalk,11231,173 DIKEMAN STREET,DIKEMAN STREET,CONOVER STREET,FERRIS STREET,,,ADDRESS,BROOKLYN,,Precinct,Closed,06/21/2016 10:09:48 PM,The Police Department responded to the complaint and determined that police action was not necessary.,06/21/2016 03:07:35 PM,06 BROOKLYN,BROOKLYN,979906,186371,Unspecified,BROOKLYN,Unspecified,Unspecified,Unspecified,Unspecified,Unspecified,Unspecified,Unspecified,Unspecified,Unspecified,N,,,,,,,,,,,,40.67822103738647,-74.01566131140221,"(40.67822103738647, -74.01566131140221)"
33655882,06/21/2016 01:39:00 PM,06/29/2016 04:15:00 PM,DEP,Department of Environmental Protection,Noise,Noise: Alarms (NR3),,11231,39 COFFEY STREET,COFFEY STREET,DWIGHT ST,RICHARDS ST,,,ADDRESS,BROOKLYN,,N/A,Closed,,"The Department of Environmental Protection did not observe a violation of the New York City Air/Noise Code at the time of inspection and could not issue a notice of violation. If the problem still exists, please call 311 and file a new complaint. If you are outside of New York City, please call (212) NEW-YORK (212-639-9675).",06/29/2016 04:15:00 PM,06 BROOKLYN,BROOKLYN,980997,185046,Unspecified,BROOKLYN,Unspecified,Unspecified,Unspecified,Unspecified,Unspecified,Unspecified,Unspecified,Unspecified,Unspecified,,,,,,,,,,,,,40.674584679489016,-74.0117273177029,"(40.674584679489016, -74.0117273177029)"
33663657,06/22/2016 08:10:56 AM,06/22/2016 09:04:06 AM,NYPD,New York City Police Department,Noise - Commercial,Banging/Pounding,Club/Bar/Restaurant,11231,SMITH STREET,SMITH STREET,SACKETT STREET,UNION STREET,,,BLOCKFACE,BROOKLYN,,Precinct,Closed,06/22/2016 04:10:56 PM,The Police Department responded to the complaint and determined that police action was not necessary.,06/22/2016 09:04:06 AM,06 BROOKLYN,BROOKLYN,985998,187731,Unspecified,BROOKLYN,Unspecified,Unspecified,Unspecified,Unspecified,Unspecified,Unspecified,Unspecified,Unspecified,Unspecified,N,,,,,,,,,,,,40.68195482217686,-73.99369762776111,"(40.68195482217686, -73.99369762776111)"
33668352,06/23/2016 10:40:46 AM,06/23/2016 12:07:33 PM,NYPD,New York City Police Department,Noise - Commercial,Car/Truck Horn,Store/Commercial,11231,175 DIKEMAN STREET,DIKEMAN STREET,CONOVER STREET,FERRIS STREET,,,ADDRESS,BROOKLYN,,Precinct,Closed,06/23/2016 06:40:46 PM,The Police Department responded to the complaint and with the information available observed no evidence of the violation at that time.,06/23/2016 12:07:33 PM,06 BROOKLYN,BROOKLYN,979892,186383,Unspecified,BROOKLYN,Unspecified,Unspecified,Unspecified,Unspecified,Unspecified,Unspecified,Unspecified,Unspecified,Unspecified,N,,,,,,,,,,,,40.67825396779016,-74.0157117930007,"(40.67825396779016, -74.0157117930007)"
33669342,06/23/2016 10:38:46 AM,06/23/2016 12:07:34 PM,NYPD,New York City Police Department,Noise - Commercial,Car/Truck Horn,Store/Commercial,11231,175 DIKEMAN STREET,DIKEMAN STREET,CONOVER STREET,FERRIS STREET,,,ADDRESS,BROOKLYN,,Precinct,Closed,06/23/2016 06:38:46 PM,The Police Department responded to the complaint and with the information available observed no evidence of the violation at that time.,06/23/2016 12:07:34 PM,06 BROOKLYN,BROOKLYN,979892,186383,Unspecified,BROOKLYN,Unspecified,Unspecified,Unspecified,Unspecified,Unspecified,Unspecified,Unspecified,Unspecified,Unspecified,N,,,,,,,,,,,,40.67825396779016,-74.0157117930007,"(40.67825396779016, -74.0157117930007)"
33670617,06/23/2016 04:59:00 AM,06/24/2016 07:00:00 AM,DEP,Department of Environmental Protection,Noise,Noise: Construction Before/After Hours (NM1),,11231,344 DEGRAW STREET,DEGRAW STREET,,,,,ADDRESS,BROOKLYN,,N/A,Closed,,"The Department of Environmental Protection did not observe a violation of the New York City Air/Noise Code at the time of inspection and could not issue a notice of violation. If the problem still exists, please call 311 and file a new complaint. If you are outside of New York City, please call (212) NEW-YORK (212-639-9675).",06/24/2016 07:00:00 AM,06 BROOKLYN,BROOKLYN,985971,188179,Unspecified,BROOKLYN,Unspecified,Unspecified,Unspecified,Unspecified,Unspecified,Unspecified,Unspecified,Unspecified,Unspecified,,,,,,,,,,,,,40.68318448547265,-73.99379486119578,"(40.68318448547265, -73.99379486119578)"
33671392,06/23/2016 08:38:00 PM,06/27/2016 12:02:00 PM,DEP,Department of Environmental Protection,Noise,"Noise, Barking Dog (NR5)",,11231,366 PRESIDENT STREET,PRESIDENT STREET,HOYT ST,BOND ST,,,ADDRESS,BROOKLYN,,N/A,Closed,,The Department of Environmental Protection determined that an inspection is not warranted to investigate this complaint at this time and sent a letter to the complainant and/or respondent.,06/27/2016 12:02:00 PM,06 BROOKLYN,BROOKLYN,986616,186975,Unspecified,BROOKLYN,Unspecified,Unspecified,Unspecified,Unspecified,Unspecified,Unspecified,Unspecified,Unspecified,Unspecified,,,,,,,,,,,,,40.67987963026161,-73.99146970897269,"(40.67987963026161, -73.99146970897269)"
33672693,06/24/2016 01:03:45 AM,06/24/2016 08:23:41 AM,NYPD,New York City Police Department,Noise - Residential,Loud Music/Party,Residential Building/House,11231,31 CENTRE MALL,CENTRE MALL,COLUMBIA STREET,HICKS STREET,,,ADDRESS,BROOKLYN,,Precinct,Closed,06/24/2016 09:03:45 AM,The Police Department responded to the complaint and with the information available observed no evidence of the violation at that time.,06/24/2016 08:23:42 AM,06 BROOKLYN,BROOKLYN,982352,185503,Unspecified,BROOKLYN,Unspecified,Unspecified,Unspecified,Unspecified,Unspecified,Unspecified,Unspecified,Unspecified,Unspecified,N,,,,,,,,,,,,40.67583943578303,-74.00684256616371,"(40.67583943578303, -74.00684256616371)"
33673413,06/23/2016 10:17:56 PM,06/23/2016 11:10:15 PM,NYPD,New York City Police Department,Noise - Residential,Loud Talking,Residential Building/House,11231,177 COLUMBIA STREET,COLUMBIA STREET,SEDGWICK STREET,DE GRAW STREET,,,ADDRESS,BROOKLYN,,Precinct,Closed,06/24/2016 06:17:56 AM,The Police Department responded to the complaint and with the information available observed no evidence of the violation at that time.,06/23/2016 11:10:15 PM,06 BROOKLYN,BROOKLYN,983637,189212,Unspecified,BROOKLYN,Unspecified,Unspecified,Unspecified,Unspecified,Unspecified,Unspecified,Unspecified,Unspecified,Unspecified,N,,,,,,,,,,,,40.686019980669826,-74.00221029159218,"(40.686019980669826, -74.00221029159218)"
33676010,06/24/2016 10:50:10 PM,06/25/2016 12:25:44 AM,NYPD,New York City Police Department,Noise - Residential,Loud Music/Party,Residential Building/House,11231,93 BUTLER STREET,BUTLER STREET,SMITH STREET,HOYT STREET,,,ADDRESS,BROOKLYN,,Precinct,Closed,06/25/2016 06:50:10 AM,The Police Department responded to the complaint and took action to fix the condition.,06/25/2016 12:25:44 AM,06 BROOKLYN,BROOKLYN,986656,188421,Unspecified,BROOKLYN,Unspecified,Unspecified,Unspecified,Unspecified,Unspecified,Unspecified,Unspecified,Unspecified,Unspecified,N,,,,,,,,,,,,40.68384856060671,-73.99132497812231,"(40.68384856060671, -73.99132497812231)"
33677633,06/25/2016 01:29:02 AM,06/25/2016 06:08:12 AM,NYPD,New York City Police Department,Noise - Residential,Loud Music/Party,Residential Building/House,11231,2 PLACE,2 PLACE,COURT STREET,SMITH STREET,,,BLOCKFACE,BROOKLYN,,Precinct,Closed,06/25/2016 09:29:02 AM,The Police Department responded to the complaint and with the information available observed no evidence of the violation at that time.,06/25/2016 06:08:12 AM,06 BROOKLYN,BROOKLYN,985194,186766,Unspecified,BROOKLYN,Unspecified,Unspecified,Unspecified,Unspecified,Unspecified,Unspecified,Unspecified,Unspecified,Unspecified,N,,,,,,,,,,,,40.67930623849983,-73.99659656573014,"(40.67930623849983, -73.99659656573014)"
33679744,06/24/2016 02:52:12 AM,06/24/2016 08:23:44 AM,NYPD,New York City Police Department,Noise - Street/Sidewalk,Loud Music/Party,Street/Sidewalk,11231,11 BUSH STREET,BUSH STREET,DWIGHT STREET,COLUMBIA STREET,,,ADDRESS,BROOKLYN,,Precinct,Closed,06/24/2016 10:52:12 AM,The Police Department responded to the complaint and with the information available observed no evidence of the violation at that time.,06/24/2016 08:23:44 AM,06 BROOKLYN,BROOKLYN,981817,185425,Unspecified,BROOKLYN,Unspecified,Unspecified,Unspecified,Unspecified,Unspecified,Unspecified,Unspecified,Unspecified,Unspecified,N,,,,,,,,,,,,40.67562521248979,-74.00877129083878,"(40.67562521248979, -74.00877129083878)"
33679885,06/24/2016 11:41:41 PM,06/25/2016 01:01:55 AM,NYPD,New York City Police Department,Noise - Street/Sidewalk,Loud Music/Party,Street/Sidewalk,11231,80 DWIGHT STREET,DWIGHT STREET,VERONA STREET,BUSH STREET,,,ADDRESS,BROOKLYN,,Precinct,Closed,06/25/2016 07:41:41 AM,The Police Department responded to the complaint and took action to fix the condition.,06/25/2016 01:01:55 AM,06 BROOKLYN,BROOKLYN,981804,185640,Unspecified,BROOKLYN,Unspecified,Unspecified,Unspecified,Unspecified,Unspecified,Unspecified,Unspecified,Unspecified,Unspecified,N,,,,,,,,,,,,40.676215335436034,-74.00881823560762,"(40.676215335436034, -74.00881823560762)"
33679968,06/24/2016 11:52:10 PM,06/25/2016 01:00:42 AM,NYPD,New York City Police Department,Noise - Street/Sidewalk,Loud Music/Party,Street/Sidewalk,11231,135 RICHARDS STREET,RICHARDS STREET,KING STREET,SULLIVAN STREET,,,ADDRESS,BROOKLYN,,Precinct,Closed,06/25/2016 07:52:10 AM,The Police Department responded to the complaint and took action to fix the condition.,06/25/2016 01:00:42 AM,06 BROOKLYN,BROOKLYN,981379,185999,Unspecified,BROOKLYN,Unspecified,Unspecified,Unspecified,Unspecified,Unspecified,Unspecified,Unspecified,Unspecified,Unspecified,N,,,,,,,,,,,,40.677200581770165,-74.01035058400049,"(40.677200581770165, -74.01035058400049)"
33682199,06/24/2016 09:02:00 PM,06/28/2016 09:45:00 PM,DEP,Department of Environmental Protection,Noise,Noise: Construction Before/After Hours (NM1),,11231,,,,,BUTLER STREET,COURT STREET,INTERSECTION,BROOKLYN,,N/A,Closed,,"The Department of Environmental Protection did not observe a violation of the New York City Air/Noise Code at the time of inspection and could not issue a notice of violation. If the problem still exists, please call 311 and file a new complaint. If you are outside of New York City, please call (212) NEW-YORK (212-639-9675).",06/28/2016 09:45:00 PM,06 BROOKLYN,BROOKLYN,985754,188877,Unspecified,BROOKLYN,Unspecified,Unspecified,Unspecified,Unspecified,Unspecified,Unspecified,Unspecified,Unspecified,Unspecified,,,,,,,,,,,,,40.68510037572238,-73.99457710813682,"(40.68510037572238, -73.99457710813682)"
33683843,06/24/2016 02:53:39 PM,06/24/2016 05:55:43 PM,NYPD,New York City Police Department,Noise - Residential,Banging/Pounding,Residential Building/House,11231,80 DWIGHT STREET,DWIGHT STREET,VERONA STREET,BUSH STREET,,,ADDRESS,BROOKLYN,,Precinct,Closed,06/24/2016 10:53:39 PM,The Police Department responded to the complaint and took action to fix the condition.,06/24/2016 05:55:43 PM,06 BROOKLYN,BROOKLYN,981804,185640,Unspecified,BROOKLYN,Unspecified,Unspecified,Unspecified,Unspecified,Unspecified,Unspecified,Unspecified,Unspecified,Unspecified,N,,,,,,,,,,,,40.676215335436034,-74.00881823560762,"(40.676215335436034, -74.00881823560762)"
33684418,06/25/2016 10:07:00 AM,07/02/2016 01:15:00 PM,DEP,Department of Environmental Protection,Noise,Noise: Jack Hammering (NC2),,11231,542 CLINTON STREET,CLINTON STREET,LUQUER ST,NELSON ST,,,ADDRESS,BROOKLYN,,N/A,Closed,,"The Department of Environmental Protection did not observe a violation of the New York City Air/Noise Code at the time of inspection and could not issue a notice of violation. If the problem still exists, please call 311 and file a new complaint. If you are outside of New York City, please call (212) NEW-YORK (212-639-9675).",07/02/2016 01:15:00 PM,06 BROOKLYN,BROOKLYN,984109,186106,Unspecified,BROOKLYN,Unspecified,Unspecified,Unspecified,Unspecified,Unspecified,Unspecified,Unspecified,Unspecified,Unspecified,,,,,,,,,,,,,40.67749473704423,-74.00050833813232,"(40.67749473704423, -74.00050833813232)"
33684541,06/25/2016 09:38:42 PM,06/25/2016 11:08:01 PM,NYPD,New York City Police Department,Noise - Residential,Loud Music/Party,Residential Building/House,11231,17 DWIGHT STREET,DWIGHT STREET,DELEVAN STREET,VERONA STREET,,,ADDRESS,BROOKLYN,,Precinct,Closed,06/26/2016 05:38:42 AM,The Police Department responded to the complaint and with the information available observed no evidence of the violation at that time.,06/25/2016 11:08:01 PM,06 BROOKLYN,BROOKLYN,982458,186374,Unspecified,BROOKLYN,Unspecified,Unspecified,Unspecified,Unspecified,Unspecified,Unspecified,Unspecified,Unspecified,Unspecified,N,,,,,,,,,,,,40.67823015619295,-74.00646065233568,"(40.67823015619295, -74.00646065233568)"
33684562,06/25/2016 03:57:00 PM,07/02/2016 09:15:00 AM,DEP,Department of Environmental Protection,Noise,Noise: Construction Before/After Hours (NM1),,11231,450 HENRY STREET,HENRY STREET,KANE ST,DE GRAW ST,,,ADDRESS,BROOKLYN,,N/A,Closed,,"The Department of Environmental Protection did not observe a violation of the New York City Air/Noise Code at the time of inspection and could not issue a notice of violation. If the problem still exists, please call 311 and file a new complaint. If you are outside of New York City, please call (212) NEW-YORK (212-639-9675).",07/02/2016 09:15:00 AM,06 BROOKLYN,BROOKLYN,984637,189150,Unspecified,BROOKLYN,Unspecified,Unspecified,Unspecified,Unspecified,Unspecified,Unspecified,Unspecified,Unspecified,Unspecified,,,,,,,,,,,,,40.685849817622355,-73.9986045992442,"(40.685849817622355, -73.9986045992442)"
33684587,06/25/2016 11:00:00 AM,07/02/2016 01:15:00 PM,DEP,Department of Environmental Protection,Noise,Noise: Construction Before/After Hours (NM1),,11231,546 CLINTON STREET,CLINTON STREET,LUQUER ST,NELSON ST,,,ADDRESS,BROOKLYN,,N/A,Closed,,The Department of Environmental Protection determined that this complaint is a duplicate of a previously filed complaint. The original complaint is being addressed.,07/02/2016 01:15:00 PM,06 BROOKLYN,BROOKLYN,984095,186070,Unspecified,BROOKLYN,Unspecified,Unspecified,Unspecified,Unspecified,Unspecified,Unspecified,Unspecified,Unspecified,Unspecified,,,,,,,,,,,,,40.67739592494404,-74.00055881059409,"(40.67739592494404, -74.00055881059409)"
33684648,06/25/2016 09:01:59 PM,06/25/2016 11:07:59 PM,NYPD,New York City Police Department,Noise - Residential,Loud Music/Party,Residential Building/House,11231,11 DWIGHT STREET,DWIGHT STREET,DELEVAN STREET,VERONA STREET,,,ADDRESS,BROOKLYN,,Precinct,Closed,06/26/2016 05:01:59 AM,The Police Department responded to the complaint and with the information available observed no evidence of the violation at that time.,06/25/2016 11:07:59 PM,06 BROOKLYN,BROOKLYN,982498,186420,Unspecified,BROOKLYN,Unspecified,Unspecified,Unspecified,Unspecified,Unspecified,Unspecified,Unspecified,Unspecified,Unspecified,N,,,,,,,,,,,,40.67835642379345,-74.00631645330512,"(40.67835642379345, -74.00631645330512)"
33685048,06/25/2016 07:54:00 AM,07/02/2016 01:45:00 PM,DEP,Department of Environmental Protection,Noise,Noise: Manufacturing Noise (NK1),,11231,435 HOYT STREET,HOYT STREET,4 ST,5 ST,,,ADDRESS,BROOKLYN,,N/A,Closed,,"The Department of Environmental Protection did not observe a violation of the New York City Air/Noise Code at the time of inspection and could not issue a notice of violation. If the problem still exists, please call 311 and file a new complaint. If you are outside of New York City, please call (212) NEW-YORK (212-639-9675).",07/02/2016 01:45:00 PM,06 BROOKLYN,BROOKLYN,985790,185844,Unspecified,BROOKLYN,Unspecified,Unspecified,Unspecified,Unspecified,Unspecified,Unspecified,Unspecified,Unspecified,Unspecified,,,,,,,,,,,,,40.67677547338243,-73.99444799800459,"(40.67677547338243, -73.99444799800459)"
33686133,06/25/2016 11:59:57 PM,06/26/2016 02:39:05 AM,NYPD,New York City Police Department,Noise - Residential,Loud Music/Party,Residential Building/House,11231,11 DWIGHT STREET,DWIGHT STREET,DELEVAN STREET,VERONA STREET,,,ADDRESS,BROOKLYN,,Precinct,Closed,06/26/2016 07:59:57 AM,The Police Department responded to the complaint and with the information available observed no evidence of the violation at that time.,06/26/2016 02:39:05 AM,06 BROOKLYN,BROOKLYN,982498,186420,Unspecified,BROOKLYN,Unspecified,Unspecified,Unspecified,Unspecified,Unspecified,Unspecified,Unspecified,Unspecified,Unspecified,N,,,,,,,,,,,,40.67835642379345,-74.00631645330512,"(40.67835642379345, -74.00631645330512)"
33686304,06/25/2016 11:03:53 PM,06/25/2016 11:36:22 PM,NYPD,New York City Police Department,Noise - Commercial,Loud Talking,Club/Bar/Restaurant,11231,121 COLUMBIA STREET,COLUMBIA STREET,KANE STREET,IRVING STREET,,,ADDRESS,BROOKLYN,,Precinct,Closed,06/26/2016 07:03:53 AM,The Police Department responded to the complaint and with the information available observed no evidence of the violation at that time.,06/25/2016 11:36:22 PM,06 BROOKLYN,BROOKLYN,983841,189770,Unspecified,BROOKLYN,Unspecified,Unspecified,Unspecified,Unspecified,Unspecified,Unspecified,Unspecified,Unspecified,Unspecified,N,,,,,,,,,,,,40.68755157461428,-74.00147476350007,"(40.68755157461428, -74.00147476350007)"
33686319,06/26/2016 12:52:31 AM,06/26/2016 01:01:55 AM,NYPD,New York City Police Department,Noise - Residential,Loud Music/Party,Residential Building/House,11231,90 4 PLACE,4 PLACE,CLINTON STREET,COURT STREET,,,ADDRESS,BROOKLYN,,Precinct,Closed,06/26/2016 08:52:31 AM,The Police Department responded to the complaint and took action to fix the condition.,06/26/2016 01:01:55 AM,06 BROOKLYN,BROOKLYN,984613,186301,Unspecified,BROOKLYN,Unspecified,Unspecified,Unspecified,Unspecified,Unspecified,Unspecified,Unspecified,Unspecified,Unspecified,N,,,,,,,,,,,,40.678029961645194,-73.9986912891988,"(40.678029961645194, -73.9986912891988)"
33686977,06/25/2016 11:49:41 PM,06/26/2016 02:39:03 AM,NYPD,New York City Police Department,Noise - Residential,Loud Music/Party,Residential Building/House,11231,11 DWIGHT STREET,DWIGHT STREET,DELEVAN STREET,VERONA STREET,,,ADDRESS,BROOKLYN,,Precinct,Closed,06/26/2016 07:49:41 AM,The Police Department responded to the complaint and with the information available observed no evidence of the violation at that time.,06/26/2016 02:39:03 AM,06 BROOKLYN,BROOKLYN,982498,186420,Unspecified,BROOKLYN,Unspecified,Unspecified,Unspecified,Unspecified,Unspecified,Unspecified,Unspecified,Unspecified,Unspecified,N,,,,,,,,,,,,40.67835642379345,-74.00631645330512,"(40.67835642379345, -74.00631645330512)"
33687024,06/26/2016 12:54:35 AM,06/26/2016 01:02:03 AM,NYPD,New York City Police Department,Noise - Residential,Loud Music/Party,Residential Building/House,11231,4 PLACE,4 PLACE,CLINTON STREET,COURT STREET,,,BLOCKFACE,BROOKLYN,,Precinct,Closed,06/26/2016 08:54:35 AM,The Police Department responded to the complaint and took action to fix the condition.,06/26/2016 01:02:03 AM,06 BROOKLYN,BROOKLYN,984510,186342,Unspecified,BROOKLYN,Unspecified,Unspecified,Unspecified,Unspecified,Unspecified,Unspecified,Unspecified,Unspecified,Unspecified,N,,,,,,,,,,,,40.67814250099734,-73.99906262980026,"(40.67814250099734, -73.99906262980026)"
33687244,06/25/2016 09:50:20 PM,06/25/2016 11:08:03 PM,NYPD,New York City Police Department,Noise - Residential,Loud Music/Party,Residential Building/House,11231,11 DWIGHT STREET,DWIGHT STREET,DELEVAN STREET,VERONA STREET,,,ADDRESS,BROOKLYN,,Precinct,Closed,06/26/2016 05:50:20 AM,The Police Department responded to the complaint and with the information available observed no evidence of the violation at that time.,06/25/2016 11:08:03 PM,06 BROOKLYN,BROOKLYN,982498,186420,Unspecified,BROOKLYN,Unspecified,Unspecified,Unspecified,Unspecified,Unspecified,Unspecified,Unspecified,Unspecified,Unspecified,N,,,,,,,,,,,,40.67835642379345,-74.00631645330512,"(40.67835642379345, -74.00631645330512)"
33687317,06/26/2016 12:56:47 AM,06/26/2016 01:11:49 AM,NYPD,New York City Police Department,Noise - Residential,Loud Music/Party,Residential Building/House,11231,,,,,4 PLACE,COURT STREET,INTERSECTION,BROOKLYN,,Precinct,Closed,06/26/2016 08:56:47 AM,The Police Department responded to the complaint and took action to fix the condition.,06/26/2016 01:11:49 AM,06 BROOKLYN,BROOKLYN,984786,186241,Unspecified,BROOKLYN,Unspecified,Unspecified,Unspecified,Unspecified,Unspecified,Unspecified,Unspecified,Unspecified,Unspecified,N,,,,,,,,,,,,40.67786526642703,-73.99806758331361,"(40.67786526642703, -73.99806758331361)"
33687975,06/25/2016 10:28:34 PM,06/25/2016 11:16:17 PM,NYPD,New York City Police Department,Noise - Residential,Loud Music/Party,Residential Building/House,11231,15 DWIGHT STREET,DWIGHT STREET,DELEVAN STREET,VERONA STREET,,,ADDRESS,BROOKLYN,,Precinct,Closed,06/26/2016 06:28:34 AM,The Police Department responded to the complaint and with the information available observed no evidence of the violation at that time.,06/25/2016 11:16:17 PM,06 BROOKLYN,BROOKLYN,982471,186389,Unspecified,BROOKLYN,Unspecified,Unspecified,Unspecified,Unspecified,Unspecified,Unspecified,Unspecified,Unspecified,Unspecified,N,,,,,,,,,,,,40.678271330421836,-74.00641378772383,"(40.678271330421836, -74.00641378772383)"
33688127,06/25/2016 01:38:00 PM,07/02/2016 08:30:00 AM,DEP,Department of Environmental Protection,Noise,Noise: Construction Before/After Hours (NM1),,11231,473 UNION STREET,UNION STREET,HOYT ST,BOND ST,,,ADDRESS,BROOKLYN,,N/A,Closed,,"The Department of Environmental Protection did not observe a violation of the New York City Air/Noise Code at the time of inspection and could not issue a notice of violation. If the problem still exists, please call 311 and file a new complaint. If you are outside of New York City, please call (212) NEW-YORK (212-639-9675).",07/02/2016 08:30:00 AM,06 BROOKLYN,BROOKLYN,986985,187085,Unspecified,BROOKLYN,Unspecified,Unspecified,Unspecified,Unspecified,Unspecified,Unspecified,Unspecified,Unspecified,Unspecified,,,,,,,,,,,,,40.6801814489906,-73.99013928505418,"(40.6801814489906, -73.99013928505418)"
33688245,06/26/2016 12:47:44 AM,06/26/2016 02:40:09 AM,NYPD,New York City Police Department,Noise - Street/Sidewalk,Loud Music/Party,Street/Sidewalk,11231,9 DWIGHT STREET,DWIGHT STREET,DELEVAN STREET,VERONA STREET,,,ADDRESS,BROOKLYN,,Precinct,Closed,06/26/2016 08:47:44 AM,The Police Department responded to the complaint and with the information available observed no evidence of the violation at that time.,06/26/2016 02:40:09 AM,06 BROOKLYN,BROOKLYN,982511,186435,Unspecified,BROOKLYN,Unspecified,Unspecified,Unspecified,Unspecified,Unspecified,Unspecified,Unspecified,Unspecified,Unspecified,N,,,,,,,,,,,,40.67839759796297,-74.00626958851551,"(40.67839759796297, -74.00626958851551)"
33689037,06/25/2016 09:35:59 PM,06/25/2016 11:08:00 PM,NYPD,New York City Police Department,Noise - Residential,Loud Music/Party,Residential Building/House,11231,17 DWIGHT STREET,DWIGHT STREET,DELEVAN STREET,VERONA STREET,,,ADDRESS,BROOKLYN,,Precinct,Closed,06/26/2016 05:35:59 AM,The Police Department responded to the complaint and with the information available observed no evidence of the violation at that time.,06/25/2016 11:08:00 PM,06 BROOKLYN,BROOKLYN,982458,186374,Unspecified,BROOKLYN,Unspecified,Unspecified,Unspecified,Unspecified,Unspecified,Unspecified,Unspecified,Unspecified,Unspecified,N,,,,,,,,,,,,40.67823015619295,-74.00646065233568,"(40.67823015619295, -74.00646065233568)"
33689100,06/25/2016 03:00:36 AM,06/25/2016 03:22:03 AM,NYPD,New York City Police Department,Noise - Residential,Loud Music/Party,Residential Building/House,11231,6 STRONG PLACE,STRONG PLACE,KANE STREET,DE GRAW STREET,,,ADDRESS,BROOKLYN,,Precinct,Closed,06/25/2016 11:00:36 AM,The Police Department responded to the complaint and with the information available observed no evidence of the violation at that time.,06/25/2016 03:22:03 AM,06 BROOKLYN,BROOKLYN,984955,189223,Unspecified,BROOKLYN,Unspecified,Unspecified,Unspecified,Unspecified,Unspecified,Unspecified,Unspecified,Unspecified,Unspecified,N,,,,,,,,,,,,40.68605016630282,-73.99745798323337,"(40.68605016630282, -73.99745798323337)"
33689106,06/25/2016 10:38:57 PM,06/25/2016 11:16:20 PM,NYPD,New York City Police Department,Noise - Residential,Loud Music/Party,Residential Building/House,11231,11 DWIGHT STREET,DWIGHT STREET,DELEVAN STREET,VERONA STREET,,,ADDRESS,BROOKLYN,,Precinct,Closed,06/26/2016 06:38:57 AM,The Police Department responded to the complaint and with the information available observed no evidence of the violation at that time.,06/25/2016 11:16:20 PM,06 BROOKLYN,BROOKLYN,982498,186420,Unspecified,BROOKLYN,Unspecified,Unspecified,Unspecified,Unspecified,Unspecified,Unspecified,Unspecified,Unspecified,Unspecified,N,,,,,,,,,,,,40.67835642379345,-74.00631645330512,"(40.67835642379345, -74.00631645330512)"
33689836,06/25/2016 10:53:46 PM,06/25/2016 11:16:21 PM,NYPD,New York City Police Department,Noise - Residential,Loud Music/Party,Residential Building/House,11231,DWIGHT STREET,DWIGHT STREET,DELEVAN STREET,VERONA STREET,,,BLOCKFACE,BROOKLYN,,Precinct,Closed,06/26/2016 06:53:46 AM,The Police Department responded to the complaint and with the information available observed no evidence of the violation at that time.,06/25/2016 11:16:21 PM,06 BROOKLYN,BROOKLYN,982449,186368,Unspecified,BROOKLYN,Unspecified,Unspecified,Unspecified,Unspecified,Unspecified,Unspecified,Unspecified,Unspecified,Unspecified,N,,,,,,,,,,,,40.67821368572366,-74.00649309820479,"(40.67821368572366, -74.00649309820479)"
33690717,06/26/2016 12:27:39 AM,06/26/2016 01:01:46 AM,NYPD,New York City Police Department,Noise - Residential,Loud Music/Party,Residential Building/House,11231,92 4 PLACE,4 PLACE,CLINTON STREET,COURT STREET,,,ADDRESS,BROOKLYN,,Precinct,Closed,06/26/2016 08:27:39 AM,The Police Department responded to the complaint and took action to fix the condition.,06/26/2016 01:01:46 AM,06 BROOKLYN,BROOKLYN,984628,186296,Unspecified,BROOKLYN,Unspecified,Unspecified,Unspecified,Unspecified,Unspecified,Unspecified,Unspecified,Unspecified,Unspecified,N,,,,,,,,,,,,40.67801623714803,-73.99863721052051,"(40.67801623714803, -73.99863721052051)"
33690799,06/25/2016 11:59:07 PM,06/26/2016 02:39:04 AM,NYPD,New York City Police Department,Noise - Street/Sidewalk,Loud Music/Party,Street/Sidewalk,11231,9 DWIGHT STREET,DWIGHT STREET,DELEVAN STREET,VERONA STREET,,,ADDRESS,BROOKLYN,,Precinct,Closed,06/26/2016 07:59:07 AM,The Police Department responded to the complaint and with the information available observed no evidence of the violation at that time.,06/26/2016 02:39:04 AM,06 BROOKLYN,BROOKLYN,982511,186435,Unspecified,BROOKLYN,Unspecified,Unspecified,Unspecified,Unspecified,Unspecified,Unspecified,Unspecified,Unspecified,Unspecified,N,,,,,,,,,,,,40.67839759796297,-74.00626958851551,"(40.67839759796297, -74.00626958851551)"
33690876,06/26/2016 12:17:07 AM,06/26/2016 05:49:12 AM,NYPD,New York City Police Department,Noise - Residential,Loud Music/Party,Residential Building/House,11231,105 2 PLACE,2 PLACE,COURT STREET,NYCTA SUBWAY,,,ADDRESS,BROOKLYN,,Precinct,Closed,06/26/2016 08:17:07 AM,The Police Department responded to the complaint and with the information available observed no evidence of the violation at that time.,06/26/2016 05:49:12 AM,06 BROOKLYN,BROOKLYN,985094,186807,Unspecified,BROOKLYN,Unspecified,Unspecified,Unspecified,Unspecified,Unspecified,Unspecified,Unspecified,Unspecified,Unspecified,N,,,,,,,,,,,,40.67941878430936,-73.9969570938863,"(40.67941878430936, -73.9969570938863)"
33691947,06/26/2016 06:17:28 PM,,EDC,Economic Development Corporation,Noise - Helicopter,Other,Above Address,11231,433 COURT STREET,COURT STREET,3 PLACE,4 PLACE,,,ADDRESS,BROOKLYN,,N/A,Open,07/06/2016 06:17:28 PM,Your complaint has been submitted to the New York City Economic Development Corporation for further investigation. Status will be available in 10 business days.,,06 BROOKLYN,BROOKLYN,984859,186430,Unspecified,BROOKLYN,Unspecified,Unspecified,Unspecified,Unspecified,Unspecified,Unspecified,Unspecified,Unspecified,Unspecified,N,,,,,,,,,,,,40.67838402395995,-73.9978043826188,"(40.67838402395995, -73.9978043826188)"
33692093,06/26/2016 10:23:53 AM,06/26/2016 11:05:43 AM,NYPD,New York City Police Department,Noise - Commercial,Loud Music/Party,Club/Bar/Restaurant,11231,215 UNION STREET,UNION STREET,HENRY STREET,CLINTON STREET,,,ADDRESS,BROOKLYN,,Precinct,Closed,06/26/2016 06:23:53 PM,The Police Department responded to the complaint and took action to fix the condition.,06/26/2016 11:05:43 AM,06 BROOKLYN,BROOKLYN,984470,188235,Unspecified,BROOKLYN,Unspecified,Unspecified,Unspecified,Unspecified,Unspecified,Unspecified,Unspecified,Unspecified,Unspecified,N,,,,,,,,,,,,40.683338357285194,-73.99920677879966,"(40.683338357285194, -73.99920677879966)"
33692208,06/26/2016 09:31:24 AM,06/26/2016 10:01:57 AM,NYPD,New York City Police Department,Noise - Commercial,Loud Music/Party,Club/Bar/Restaurant,11231,253 VAN BRUNT STREET,VAN BRUNT STREET,VERONA STREET,VISITATION PLACE,,,ADDRESS,BROOKLYN,,Precinct,Closed,06/26/2016 05:31:24 PM,The Police Department responded to the complaint and took action to fix the condition.,06/26/2016 10:01:57 AM,06 BROOKLYN,BROOKLYN,981506,186985,Unspecified,BROOKLYN,Unspecified,Unspecified,Unspecified,Unspecified,Unspecified,Unspecified,Unspecified,Unspecified,Unspecified,N,,,,,,,,,,,,40.67990696888802,-74.00989312264898,"(40.67990696888802, -74.00989312264898)"
33692284,06/26/2016 10:52:00 PM,07/03/2016 02:15:00 PM,DEP,Department of Environmental Protection,Noise,Noise: Construction Before/After Hours (NM1),,11231,89 DOUGLASS STREET,DOUGLASS STREET,SMITH ST,HOYT ST,,,ADDRESS,BROOKLYN,,N/A,Closed,,"The Department of Environmental Protection did not observe a violation of the New York City Air/Noise Code at the time of inspection and could not issue a notice of violation. If the problem still exists, please call 311 and file a new complaint. If you are outside of New York City, please call (212) NEW-YORK (212-639-9675).",07/03/2016 02:15:00 PM,06 BROOKLYN,BROOKLYN,986580,188169,Unspecified,BROOKLYN,Unspecified,Unspecified,Unspecified,Unspecified,Unspecified,Unspecified,Unspecified,Unspecified,Unspecified,,,,,,,,,,,,,40.683156898392085,-73.9915990892256,"(40.683156898392085, -73.9915990892256)"
33692358,06/26/2016 02:35:31 AM,06/26/2016 02:46:58 AM,NYPD,New York City Police Department,Noise - Street/Sidewalk,Loud Music/Party,Street/Sidewalk,11231,9 DWIGHT STREET,DWIGHT STREET,DELEVAN STREET,VERONA STREET,,,ADDRESS,BROOKLYN,,Precinct,Closed,06/26/2016 10:35:31 AM,The Police Department responded to the complaint and with the information available observed no evidence of the violation at that time.,06/26/2016 02:46:58 AM,06 BROOKLYN,BROOKLYN,982511,186435,Unspecified,BROOKLYN,Unspecified,Unspecified,Unspecified,Unspecified,Unspecified,Unspecified,Unspecified,Unspecified,Unspecified,N,,,,,,,,,,,,40.67839759796297,-74.00626958851551,"(40.67839759796297, -74.00626958851551)"
33695079,06/26/2016 11:12:33 AM,06/26/2016 11:22:53 AM,NYPD,New York City Police Department,Noise - Commercial,Loud Talking,Club/Bar/Restaurant,11231,215 UNION STREET,UNION STREET,HENRY STREET,CLINTON STREET,,,ADDRESS,BROOKLYN,,Precinct,Closed,06/26/2016 07:12:33 PM,The Police Department responded to the complaint and took action to fix the condition.,06/26/2016 11:22:53 AM,06 BROOKLYN,BROOKLYN,984470,188235,Unspecified,BROOKLYN,Unspecified,Unspecified,Unspecified,Unspecified,Unspecified,Unspecified,Unspecified,Unspecified,Unspecified,N,,,,,,,,,,,,40.683338357285194,-73.99920677879966,"(40.683338357285194, -73.99920677879966)"
33698288,06/27/2016 06:43:49 AM,,EDC,Economic Development Corporation,Noise - Helicopter,Other,Above Address,11231,,,,,SACKETT STREET,SMITH STREET,INTERSECTION,BROOKLYN,,N/A,Open,07/07/2016 06:43:49 AM,Your complaint has been submitted to the New York City Economic Development Corporation for further investigation. Status will be available in 10 business days.,,06 BROOKLYN,BROOKLYN,986058,187847,Unspecified,BROOKLYN,Unspecified,Unspecified,Unspecified,Unspecified,Unspecified,Unspecified,Unspecified,Unspecified,Unspecified,N,,,,,,,,,,,,40.68227320373314,-73.9934812680715,"(40.68227320373314, -73.9934812680715)"
33704570,06/27/2016 07:55:35 PM,06/27/2016 09:33:39 PM,NYPD,New York City Police Department,Noise - Street/Sidewalk,Loud Music/Party,Street/Sidewalk,11231,330 VAN BRUNT STREET,VAN BRUNT STREET,PIONEER STREET,KING STREET,,,ADDRESS,BROOKLYN,,Precinct,Closed,06/28/2016 03:55:35 AM,The Police Department responded to the complaint and with the information available observed no evidence of the violation at that time.,06/27/2016 09:33:39 PM,06 BROOKLYN,BROOKLYN,981086,186523,Unspecified,BROOKLYN,Unspecified,Unspecified,Unspecified,Unspecified,Unspecified,Unspecified,Unspecified,Unspecified,Unspecified,N,,,,,,,,,,,,40.6786387434054,-74.01140715919026,"(40.6786387434054, -74.01140715919026)"
33704964,06/27/2016 10:32:00 AM,07/06/2016 12:30:00 PM,DEP,Department of Environmental Protection,Noise,Noise: air condition/ventilation equipment (NV1),,11231,175 DIKEMAN STREET,DIKEMAN STREET,CONOVER ST,FERRIS ST,,,ADDRESS,BROOKLYN,,N/A,Closed,,The Department of Environmental Protection observed a violation of the New York City Air/Noise Code at the time of inspection and issued a notice of violation.,07/06/2016 12:30:00 PM,06 BROOKLYN,BROOKLYN,979892,186383,Unspecified,BROOKLYN,Unspecified,Unspecified,Unspecified,Unspecified,Unspecified,Unspecified,Unspecified,Unspecified,Unspecified,,,,,,,,,,,,,40.67825396779016,-74.0157117930007,"(40.67825396779016, -74.0157117930007)"
33706171,06/28/2016 10:26:00 AM,06/29/2016 10:27:00 AM,DEP,Department of Environmental Protection,Noise,Noise: air condition/ventilation equipment (NV1),,11231,295 SMITH STREET,SMITH STREET,SACKETT ST,UNION ST,,,ADDRESS,BROOKLYN,,N/A,Closed,,The Department of Environmental Protection closed or canceled this complaint at the complainant's request.,06/29/2016 10:27:00 AM,06 BROOKLYN,BROOKLYN,985996,187721,Unspecified,BROOKLYN,Unspecified,Unspecified,Unspecified,Unspecified,Unspecified,Unspecified,Unspecified,Unspecified,Unspecified,,,,,,,,,,,,,40.68192737484613,-73.99370484130436,"(40.68192737484613, -73.99370484130436)"
33709934,06/28/2016 10:08:00 AM,07/15/2016 01:00:00 PM,DEP,Department of Environmental Protection,Noise,Noise: Construction Before/After Hours (NM1),,11231,93 DOUGLASS STREET,DOUGLASS STREET,SMITH ST,HOYT ST,,,ADDRESS,BROOKLYN,,N/A,Closed,,"The Department of Environmental Protection did not observe a violation of the New York City Air/Noise Code at the time of inspection and could not issue a notice of violation. If the problem still exists, please call 311 and file a new complaint. If you are outside of New York City, please call (212) NEW-YORK (212-639-9675).",07/15/2016 01:00:00 PM,06 BROOKLYN,BROOKLYN,986610,188154,Unspecified,BROOKLYN,Unspecified,Unspecified,Unspecified,Unspecified,Unspecified,Unspecified,Unspecified,Unspecified,Unspecified,,,,,,,,,,,,,40.6831157188622,-73.9914909282467,"(40.6831157188622, -73.9914909282467)"
33710030,06/29/2016 12:30:13 AM,06/29/2016 01:36:05 AM,NYPD,New York City Police Department,Noise - Street/Sidewalk,Loud Music/Party,Street/Sidewalk,11231,17 LORRAINE STREET,LORRAINE STREET,OTSEGO STREET,COLUMBIA STREET,,,ADDRESS,BROOKLYN,,Precinct,Closed,06/29/2016 08:30:13 AM,The Police Department responded to the complaint and took action to fix the condition.,06/29/2016 01:36:05 AM,06 BROOKLYN,BROOKLYN,981726,185196,Unspecified,BROOKLYN,Unspecified,Unspecified,Unspecified,Unspecified,Unspecified,Unspecified,Unspecified,Unspecified,Unspecified,N,,,,,,,,,,,,40.6749966335931,-74.0090992722659,"(40.6749966335931, -74.0090992722659)"
33710062,06/28/2016 05:57:05 PM,06/28/2016 06:31:49 PM,NYPD,New York City Police Department,Noise - Residential,Banging/Pounding,Residential Building/House,11231,80 DWIGHT STREET,DWIGHT STREET,VERONA STREET,BUSH STREET,,,ADDRESS,BROOKLYN,,Precinct,Closed,06/29/2016 01:57:05 AM,The Police Department responded to the complaint and took action to fix the condition.,06/28/2016 06:31:49 PM,06 BROOKLYN,BROOKLYN,981804,185640,Unspecified,BROOKLYN,Unspecified,Unspecified,Unspecified,Unspecified,Unspecified,Unspecified,Unspecified,Unspecified,Unspecified,N,,,,,,,,,,,,40.676215335436034,-74.00881823560762,"(40.676215335436034, -74.00881823560762)"
33711127,06/28/2016 11:06:11 PM,06/28/2016 11:57:42 PM,NYPD,New York City Police Department,Noise - Commercial,Loud Music/Party,Club/Bar/Restaurant,11231,145 PIONEER STREET,PIONEER STREET,VAN BRUNT STREET,IMLAY STREET,,,ADDRESS,BROOKLYN,,Precinct,Closed,06/29/2016 07:06:11 AM,The Police Department responded to the complaint and with the information available observed no evidence of the violation at that time.,06/28/2016 11:57:42 PM,06 BROOKLYN,BROOKLYN,981114,186686,Unspecified,BROOKLYN,Unspecified,Unspecified,Unspecified,Unspecified,Unspecified,Unspecified,Unspecified,Unspecified,Unspecified,N,,,,,,,,,,,,40.679086151459934,-74.01130628673043,"(40.679086151459934, -74.01130628673043)"
33713846,06/28/2016 10:53:13 PM,06/29/2016 04:05:42 AM,NYPD,New York City Police Department,Noise - Commercial,Loud Music/Party,Store/Commercial,11231,333 COURT STREET,COURT STREET,SACKETT STREET,UNION STREET,,,ADDRESS,BROOKLYN,,Precinct,Closed,06/29/2016 06:53:13 AM,The Police Department responded to the complaint and with the information available observed no evidence of the violation at that time.,06/29/2016 04:05:42 AM,06 BROOKLYN,BROOKLYN,985443,188023,Unspecified,BROOKLYN,Unspecified,Unspecified,Unspecified,Unspecified,Unspecified,Unspecified,Unspecified,Unspecified,Unspecified,N,,,,,,,,,,,,40.68275638792135,-73.995698615301,"(40.68275638792135, -73.995698615301)"
33716804,06/30/2016 01:48:22 AM,06/30/2016 02:29:14 AM,NYPD,New York City Police Department,Noise - Residential,Loud Talking,Residential Building/House,11231,116 4 PLACE,4 PLACE,COURT STREET,NYCTA SUBWAY,,,ADDRESS,BROOKLYN,,Precinct,Closed,06/30/2016 09:48:22 AM,The Police Department responded to the complaint and took action to fix the condition.,06/30/2016 02:29:14 AM,06 BROOKLYN,BROOKLYN,984949,186179,Unspecified,BROOKLYN,Unspecified,Unspecified,Unspecified,Unspecified,Unspecified,Unspecified,Unspecified,Unspecified,Unspecified,N,,,,,,,,,,,,40.677695079071945,-73.99747993317753,"(40.677695079071945, -73.99747993317753)"
33719403,06/30/2016 01:57:49 AM,06/30/2016 02:29:11 AM,NYPD,New York City Police Department,Noise - Street/Sidewalk,Loud Talking,Street/Sidewalk,11231,116 4 PLACE,4 PLACE,COURT STREET,NYCTA SUBWAY,,,ADDRESS,BROOKLYN,,Precinct,Closed,06/30/2016 09:57:49 AM,The Police Department responded to the complaint and took action to fix the condition.,06/30/2016 02:29:12 AM,06 BROOKLYN,BROOKLYN,984949,186179,Unspecified,BROOKLYN,Unspecified,Unspecified,Unspecified,Unspecified,Unspecified,Unspecified,Unspecified,Unspecified,Unspecified,N,,,,,,,,,,,,40.677695079071945,-73.99747993317753,"(40.677695079071945, -73.99747993317753)"
33721335,06/29/2016 08:05:04 PM,06/30/2016 07:36:43 PM,NYPD,New York City Police Department,Noise - Street/Sidewalk,Loud Music/Party,Street/Sidewalk,11231,28 WEST 9 STREET,WEST 9 STREET,COLUMBIA STREET,HICKS STREET,,,ADDRESS,BROOKLYN,,Precinct,Closed,06/30/2016 04:05:04 AM,The Police Department responded to the complaint and took action to fix the condition.,06/30/2016 07:36:44 PM,06 BROOKLYN,BROOKLYN,982718,185895,Unspecified,BROOKLYN,Unspecified,Unspecified,Unspecified,Unspecified,Unspecified,Unspecified,Unspecified,Unspecified,Unspecified,N,,,,,,,,,,,,40.676915458257454,-74.00552317201974,"(40.676915458257454, -74.00552317201974)"
33724521,07/01/2016 12:31:48 AM,07/01/2016 03:39:53 AM,NYPD,New York City Police Department,Noise - Street/Sidewalk,Loud Music/Party,Street/Sidewalk,11231,9 DWIGHT STREET,DWIGHT STREET,DELEVAN STREET,VERONA STREET,,,ADDRESS,BROOKLYN,,Precinct,Closed,07/01/2016 08:31:48 AM,The Police Department responded to the complaint and with the information available observed no evidence of the violation at that time.,07/01/2016 03:39:53 AM,06 BROOKLYN,BROOKLYN,982511,186435,Unspecified,BROOKLYN,Unspecified,Unspecified,Unspecified,Unspecified,Unspecified,Unspecified,Unspecified,Unspecified,Unspecified,N,,,,,,,,,,,,40.67839759796297,-74.00626958851551,"(40.67839759796297, -74.00626958851551)"
33726032,07/01/2016 01:01:38 AM,07/01/2016 01:54:50 PM,NYPD,New York City Police Department,Noise - Street/Sidewalk,Loud Music/Party,Street/Sidewalk,11231,28 WEST 9 STREET,WEST 9 STREET,COLUMBIA STREET,HICKS STREET,,,ADDRESS,BROOKLYN,,Precinct,Closed,07/01/2016 09:01:38 AM,The Police Department responded to the complaint and determined that police action was not necessary.,07/01/2016 01:54:50 PM,06 BROOKLYN,BROOKLYN,982718,185895,Unspecified,BROOKLYN,Unspecified,Unspecified,Unspecified,Unspecified,Unspecified,Unspecified,Unspecified,Unspecified,Unspecified,N,,,,,,,,,,,,40.676915458257454,-74.00552317201974,"(40.676915458257454, -74.00552317201974)"
33726751,06/30/2016 11:45:00 PM,07/08/2016 09:57:00 PM,DEP,Department of Environmental Protection,Noise,Noise: air condition/ventilation equipment (NV1),,11231,610 HENRY STREET,HENRY STREET,RAPELYE ST,3 PL,,,ADDRESS,BROOKLYN,,N/A,Closed,,The Department of Environmental Protection requires contact with the complainant to investigate this complaint. A message was left for the complainant at the phone number provided.,07/08/2016 09:57:00 PM,06 BROOKLYN,BROOKLYN,983868,187044,Unspecified,BROOKLYN,Unspecified,Unspecified,Unspecified,Unspecified,Unspecified,Unspecified,Unspecified,Unspecified,Unspecified,,,,,,,,,,,,,40.68006932757277,-74.00137725293179,"(40.68006932757277, -74.00137725293179)"
33727317,06/30/2016 03:56:39 PM,06/30/2016 08:27:15 PM,NYPD,New York City Police Department,Noise - Residential,Banging/Pounding,Residential Building/House,11231,80 DWIGHT STREET,DWIGHT STREET,VERONA STREET,BUSH STREET,,,ADDRESS,BROOKLYN,,Precinct,Closed,06/30/2016 11:56:39 PM,The Police Department responded to the complaint and took action to fix the condition.,06/30/2016 08:27:15 PM,06 BROOKLYN,BROOKLYN,981804,185640,Unspecified,BROOKLYN,Unspecified,Unspecified,Unspecified,Unspecified,Unspecified,Unspecified,Unspecified,Unspecified,Unspecified,N,,,,,,,,,,,,40.676215335436034,-74.00881823560762,"(40.676215335436034, -74.00881823560762)"
33730474,07/01/2016 12:33:14 AM,07/01/2016 03:39:55 AM,NYPD,New York City Police Department,Noise - Commercial,Loud Music/Party,Store/Commercial,11231,1 COMMERCE STREET,COMMERCE STREET,COLUMBIA STREET,RICHARDS STREET,,,ADDRESS,BROOKLYN,,Precinct,Closed,07/01/2016 08:33:14 AM,The Police Department responded to the complaint and with the information available observed no evidence of the violation at that time.,07/01/2016 03:39:55 AM,06 BROOKLYN,BROOKLYN,982638,186721,Unspecified,BROOKLYN,Unspecified,Unspecified,Unspecified,Unspecified,Unspecified,Unspecified,Unspecified,Unspecified,Unspecified,N,,,,,,,,,,,,40.679182627251905,-74.00581178588604,"(40.679182627251905, -74.00581178588604)"
33731396,06/30/2016 10:05:49 PM,07/01/2016 12:51:55 AM,NYPD,New York City Police Department,Noise - Residential,Loud Music/Party,Residential Building/House,11231,120 DIKEMAN STREET,DIKEMAN STREET,VAN BRUNT STREET,CONOVER STREET,,,ADDRESS,BROOKLYN,,Precinct,Closed,07/01/2016 06:05:49 AM,The Police Department responded to the complaint and took action to fix the condition.,07/01/2016 12:51:55 AM,06 BROOKLYN,BROOKLYN,980386,185950,Unspecified,BROOKLYN,Unspecified,Unspecified,Unspecified,Unspecified,Unspecified,Unspecified,Unspecified,Unspecified,Unspecified,N,,,,,,,,,,,,40.67706571008763,-74.01393053840843,"(40.67706571008763, -74.01393053840843)"
33733238,07/01/2016 07:12:59 PM,07/01/2016 10:36:29 PM,NYPD,New York City Police Department,Noise - Residential,Loud Music/Party,Residential Building/House,11231,9A DWIGHT STREET,DWIGHT STREET,DELEVAN STREET,VERONA STREET,,,ADDRESS,BROOKLYN,,Precinct,Closed,07/02/2016 03:12:59 AM,The Police Department responded to the complaint and took action to fix the condition.,07/01/2016 10:36:29 PM,06 BROOKLYN,BROOKLYN,982511,186435,Unspecified,BROOKLYN,Unspecified,Unspecified,Unspecified,Unspecified,Unspecified,Unspecified,Unspecified,Unspecified,Unspecified,N,,,,,,,,,,,,40.67839759796297,-74.00626958851551,"(40.67839759796297, -74.00626958851551)"
33735420,07/01/2016 10:58:00 PM,07/05/2016 01:00:00 PM,DEP,Department of Environmental Protection,Noise,Noise: Alarms (NR3),,11231,291 COURT STREET,COURT STREET,DOUGLASS ST,DE GRAW ST,,,ADDRESS,BROOKLYN,,N/A,Closed,,"The Department of Environmental Protection did not observe a violation of the New York City Air/Noise Code at the time of inspection and could not issue a notice of violation. If the problem still exists, please call 311 and file a new complaint. If you are outside of New York City, please call (212) NEW-YORK (212-639-9675).",07/05/2016 01:00:00 PM,06 BROOKLYN,BROOKLYN,985632,188536,Unspecified,BROOKLYN,Unspecified,Unspecified,Unspecified,Unspecified,Unspecified,Unspecified,Unspecified,Unspecified,Unspecified,,,,,,,,,,,,,40.68416442848371,-73.99501706691154,"(40.68416442848371, -73.99501706691154)"
33735945,07/01/2016 11:12:02 PM,07/02/2016 02:39:28 AM,NYPD,New York City Police Department,Noise - Commercial,Car/Truck Horn,Store/Commercial,11231,292 COURT STREET,COURT STREET,DOUGLASS STREET,DE GRAW STREET,,,ADDRESS,BROOKLYN,,Precinct,Closed,07/02/2016 07:12:02 AM,The Police Department responded to the complaint and with the information available observed no evidence of the violation at that time.,07/02/2016 02:39:05 AM,06 BROOKLYN,BROOKLYN,985622,188526,Unspecified,BROOKLYN,Unspecified,Unspecified,Unspecified,Unspecified,Unspecified,Unspecified,Unspecified,Unspecified,Unspecified,N,,,,,,,,,,,,40.6841369823214,-73.99505312490342,"(40.6841369823214, -73.99505312490342)"
33737201,07/01/2016 11:30:38 AM,07/01/2016 04:51:26 PM,NYPD,New York City Police Department,Noise - Residential,Loud Talking,Residential Building/House,11231,365 BOND STREET,BOND STREET,1 STREET,2 STREET,,,ADDRESS,BROOKLYN,,Precinct,Closed,07/01/2016 07:30:38 PM,The Police Department responded to the complaint and took action to fix the condition.,07/01/2016 04:51:26 PM,06 BROOKLYN,BROOKLYN,986755,186296,Unspecified,BROOKLYN,Unspecified,Unspecified,Unspecified,Unspecified,Unspecified,Unspecified,Unspecified,Unspecified,Unspecified,N,,,,,,,,,,,,40.67801589078201,-73.99096881578231,"(40.67801589078201, -73.99096881578231)"
33737890,07/01/2016 10:24:51 PM,07/01/2016 11:14:47 PM,NYPD,New York City Police Department,Noise - Residential,Loud Music/Party,Residential Building/House,11231,9 LORRAINE STREET,LORRAINE STREET,OTSEGO STREET,COLUMBIA STREET,,,ADDRESS,BROOKLYN,,Precinct,Closed,07/02/2016 06:24:51 AM,The Police Department responded to the complaint and took action to fix the condition.,07/01/2016 11:14:47 PM,06 BROOKLYN,BROOKLYN,981662,185217,Unspecified,BROOKLYN,Unspecified,Unspecified,Unspecified,Unspecified,Unspecified,Unspecified,Unspecified,Unspecified,Unspecified,N,,,,,,,,,,,,40.67505425538605,-74.00933000672438,"(40.67505425538605, -74.00933000672438)"
33737924,07/01/2016 11:20:54 PM,07/02/2016 02:39:26 AM,NYPD,New York City Police Department,Noise - Commercial,Car/Truck Horn,Store/Commercial,11231,292 COURT STREET,COURT STREET,DOUGLASS STREET,DE GRAW STREET,,,ADDRESS,BROOKLYN,,Precinct,Closed,07/02/2016 07:20:54 AM,The Police Department responded to the complaint and with the information available observed no evidence of the violation at that time.,07/02/2016 02:38:48 AM,06 BROOKLYN,BROOKLYN,985622,188526,Unspecified,BROOKLYN,Unspecified,Unspecified,Unspecified,Unspecified,Unspecified,Unspecified,Unspecified,Unspecified,Unspecified,N,,,,,,,,,,,,40.6841369823214,-73.99505312490342,"(40.6841369823214, -73.99505312490342)"
33740387,07/02/2016 06:01:19 AM,07/02/2016 06:31:26 AM,NYPD,New York City Police Department,Noise - Commercial,Banging/Pounding,Store/Commercial,11231,177 DIKEMAN STREET,DIKEMAN STREET,CONOVER STREET,FERRIS STREET,,,ADDRESS,BROOKLYN,,Precinct,Closed,07/02/2016 02:01:19 PM,The Police Department responded to the complaint and determined that police action was not necessary.,07/02/2016 06:31:26 AM,06 BROOKLYN,BROOKLYN,979878,186396,Unspecified,BROOKLYN,Unspecified,Unspecified,Unspecified,Unspecified,Unspecified,Unspecified,Unspecified,Unspecified,Unspecified,N,,,,,,,,,,,,40.67828964294528,-74.01576227529777,"(40.67828964294528, -74.01576227529777)"
33741502,07/02/2016 12:02:00 PM,07/09/2016 08:30:00 AM,DEP,Department of Environmental Protection,Noise,Noise: Construction Before/After Hours (NM1),,11231,,,,,5 STREET,HOYT STREET,INTERSECTION,BROOKLYN,,N/A,Closed,,"The Department of Environmental Protection did not observe a violation of the New York City Air/Noise Code at the time of inspection and could not issue a notice of violation. If the problem still exists, please call 311 and file a new complaint. If you are outside of New York City, please call (212) NEW-YORK (212-639-9675).",07/09/2016 08:30:00 AM,06 BROOKLYN,BROOKLYN,985753,185781,Unspecified,BROOKLYN,Unspecified,Unspecified,Unspecified,Unspecified,Unspecified,Unspecified,Unspecified,Unspecified,Unspecified,,,,,,,,,,,,,40.67660255896065,-73.99458140430961,"(40.67660255896065, -73.99458140430961)"
33742288,07/02/2016 04:03:00 PM,07/09/2016 12:00:00 PM,DEP,Department of Environmental Protection,Noise,Noise: Jack Hammering (NC2),,11231,435 HOYT STREET,HOYT STREET,4 ST,5 ST,,,ADDRESS,BROOKLYN,,N/A,Closed,,"The Department of Environmental Protection did not observe a violation of the New York City Air/Noise Code at the time of inspection and could not issue a notice of violation. If the problem still exists, please call 311 and file a new complaint. If you are outside of New York City, please call (212) NEW-YORK (212-639-9675).",07/09/2016 12:00:00 PM,06 BROOKLYN,BROOKLYN,985790,185844,Unspecified,BROOKLYN,Unspecified,Unspecified,Unspecified,Unspecified,Unspecified,Unspecified,Unspecified,Unspecified,Unspecified,,,,,,,,,,,,,40.67677547338243,-73.99444799800459,"(40.67677547338243, -73.99444799800459)"
33742944,07/02/2016 05:54:33 AM,07/02/2016 06:28:14 AM,NYPD,New York City Police Department,Noise - Commercial,Car/Truck Horn,Store/Commercial,11231,177 DIKEMAN STREET,DIKEMAN STREET,CONOVER STREET,FERRIS STREET,,,ADDRESS,BROOKLYN,,Precinct,Closed,07/02/2016 01:54:33 PM,The Police Department responded to the complaint and determined that police action was not necessary.,07/02/2016 06:28:14 AM,06 BROOKLYN,BROOKLYN,979878,186396,Unspecified,BROOKLYN,Unspecified,Unspecified,Unspecified,Unspecified,Unspecified,Unspecified,Unspecified,Unspecified,Unspecified,N,,,,,,,,,,,,40.67828964294528,-74.01576227529777,"(40.67828964294528, -74.01576227529777)"
33743886,07/02/2016 03:03:34 PM,07/02/2016 05:19:50 PM,NYPD,New York City Police Department,Noise - Residential,Loud Music/Party,Residential Building/House,11231,59 3 PLACE,3 PLACE,CLINTON STREET,COURT STREET,,,ADDRESS,BROOKLYN,,Precinct,Closed,07/02/2016 11:03:34 PM,The Police Department responded to the complaint and with the information available observed no evidence of the violation at that time.,07/02/2016 05:18:54 PM,06 BROOKLYN,BROOKLYN,984531,186675,Unspecified,BROOKLYN,Unspecified,Unspecified,Unspecified,Unspecified,Unspecified,Unspecified,Unspecified,Unspecified,Unspecified,N,,,,,,,,,,,,40.67905650998878,-73.99898690524542,"(40.67905650998878, -73.99898690524542)"
33743992,07/02/2016 03:31:00 PM,07/05/2016 04:45:00 PM,DEP,Department of Environmental Protection,Noise,"Noise, Ice Cream Truck (NR4)",,11231,202 COFFEY STREET,COFFEY STREET,FERRIS ST,UNNAMED ST,,,ADDRESS,BROOKLYN,,N/A,Closed,,"The Department of Environmental Protection did not observe a violation of the New York City Air/Noise Code at the time of inspection and could not issue a notice of violation. If the problem still exists, please call 311 and file a new complaint. If you are outside of New York City, please call (212) NEW-YORK (212-639-9675).",07/05/2016 04:45:00 PM,06 BROOKLYN,BROOKLYN,979506,186390,Unspecified,BROOKLYN,Unspecified,Unspecified,Unspecified,Unspecified,Unspecified,Unspecified,Unspecified,Unspecified,Unspecified,,,,,,,,,,,,,40.67827298275731,-74.01710343444738,"(40.67827298275731, -74.01710343444738)"
33745610,07/02/2016 05:51:23 AM,07/02/2016 07:19:50 AM,NYPD,New York City Police Department,Noise - Street/Sidewalk,Loud Music/Party,Street/Sidewalk,11231,464 COLUMBIA STREET,COLUMBIA STREET,CENTRE MALL,BUSH STREET,,,ADDRESS,BROOKLYN,,Precinct,Closed,07/02/2016 01:51:23 PM,The Police Department responded to the complaint and with the information available observed no evidence of the violation at that time.,07/02/2016 07:19:50 AM,06 BROOKLYN,BROOKLYN,982269,185502,Unspecified,BROOKLYN,Unspecified,Unspecified,Unspecified,Unspecified,Unspecified,Unspecified,Unspecified,Unspecified,Unspecified,N,,,,,,,,,,,,40.67583667282373,-74.00714179294518,"(40.67583667282373, -74.00714179294518)"
33746438,07/02/2016 05:06:00 PM,07/09/2016 09:15:00 AM,DEP,Department of Environmental Protection,Noise,Noise: Construction Before/After Hours (NM1),,11231,,,,,5 STREET,SMITH STREET,INTERSECTION,BROOKLYN,,N/A,Closed,,"The Department of Environmental Protection did not observe a violation of the New York City Air/Noise Code at the time of inspection and could not issue a notice of violation. If the problem still exists, please call 311 and file a new complaint. If you are outside of New York City, please call (212) NEW-YORK (212-639-9675).",07/09/2016 09:15:00 AM,06 BROOKLYN,BROOKLYN,985228,186086,Unspecified,BROOKLYN,Unspecified,Unspecified,Unspecified,Unspecified,Unspecified,Unspecified,Unspecified,Unspecified,Unspecified,,,,,,,,,,,,,40.677439788660834,-73.99647408309279,"(40.677439788660834, -73.99647408309279)"
33747042,07/03/2016 08:38:22 AM,07/03/2016 09:30:37 AM,NYPD,New York City Police Department,Noise - Commercial,Banging/Pounding,Store/Commercial,11231,421 BOND STREET,BOND STREET,3 STREET,4 STREET,,,ADDRESS,BROOKLYN,,Precinct,Closed,07/03/2016 04:38:22 PM,The Police Department responded to the complaint and with the information available observed no evidence of the violation at that time.,07/03/2016 09:30:37 AM,06 BROOKLYN,BROOKLYN,986399,185732,Unspecified,BROOKLYN,Unspecified,Unspecified,Unspecified,Unspecified,Unspecified,Unspecified,Unspecified,Unspecified,Unspecified,N,,,,,,,,,,,,40.676467931764336,-73.99225246930142,"(40.676467931764336, -73.99225246930142)"
33748238,07/04/2016 12:00:19 AM,07/04/2016 08:24:53 AM,NYPD,New York City Police Department,Noise - Street/Sidewalk,Loud Music/Party,Street/Sidewalk,11231,,,,,RICHARD STREET,VERONA STREET,INTERSECTION,BROOKLYN,,Precinct,Closed,07/04/2016 08:00:19 AM,The Police Department responded to the complaint and with the information available observed no evidence of the violation at that time.,07/04/2016 08:24:53 AM,06 BROOKLYN,BROOKLYN,981947,186644,Unspecified,BROOKLYN,Unspecified,Unspecified,Unspecified,Unspecified,Unspecified,Unspecified,Unspecified,Unspecified,Unspecified,N,,,,,,,,,,,,40.67897112688626,-74.00830303998599,"(40.67897112688626, -74.00830303998599)"
33748593,07/03/2016 08:40:07 AM,07/03/2016 09:24:19 AM,NYPD,New York City Police Department,Noise - Commercial,Banging/Pounding,Store/Commercial,11231,177 DIKEMAN STREET,DIKEMAN STREET,CONOVER STREET,FERRIS STREET,,,ADDRESS,BROOKLYN,,Precinct,Closed,07/03/2016 04:40:07 PM,The Police Department responded to the complaint and with the information available observed no evidence of the violation at that time.,07/03/2016 09:24:19 AM,06 BROOKLYN,BROOKLYN,979878,186396,Unspecified,BROOKLYN,Unspecified,Unspecified,Unspecified,Unspecified,Unspecified,Unspecified,Unspecified,Unspecified,Unspecified,N,,,,,,,,,,,,40.67828964294528,-74.01576227529777,"(40.67828964294528, -74.01576227529777)"
33749486,07/03/2016 11:35:42 PM,07/04/2016 08:24:53 AM,NYPD,New York City Police Department,Noise - Residential,Loud Music/Party,Residential Building/House,11231,26 DIKEMAN STREET,DIKEMAN STREET,DWIGHT STREET,RICHARDS STREET,,,ADDRESS,BROOKLYN,,Precinct,Closed,07/04/2016 07:35:42 AM,The Police Department responded to the complaint and took action to fix the condition.,07/04/2016 08:24:54 AM,06 BROOKLYN,BROOKLYN,981199,185224,Unspecified,BROOKLYN,Unspecified,Unspecified,Unspecified,Unspecified,Unspecified,Unspecified,Unspecified,Unspecified,Unspecified,N,,,,,,,,,,,,40.67507332134547,-74.01099917259457,"(40.67507332134547, -74.01099917259457)"
33750409,07/03/2016 11:59:24 PM,07/04/2016 08:24:57 AM,NYPD,New York City Police Department,Noise - Residential,Loud Music/Party,Residential Building/House,11231,20 DIKEMAN STREET,DIKEMAN STREET,DWIGHT STREET,RICHARDS STREET,,,ADDRESS,BROOKLYN,,Precinct,Closed,07/04/2016 07:59:24 AM,The Police Department responded to the complaint and took action to fix the condition.,07/04/2016 08:24:57 AM,06 BROOKLYN,BROOKLYN,981237,185190,Unspecified,BROOKLYN,Unspecified,Unspecified,Unspecified,Unspecified,Unspecified,Unspecified,Unspecified,Unspecified,Unspecified,N,,,,,,,,,,,,40.674980012015965,-74.0108621634411,"(40.674980012015965, -74.0108621634411)"
33750927,07/03/2016 11:15:01 PM,07/04/2016 08:24:55 AM,NYPD,New York City Police Department,Noise - Residential,Loud Music/Party,Residential Building/House,11231,20 DIKEMAN STREET,DIKEMAN STREET,DWIGHT STREET,RICHARDS STREET,,,ADDRESS,BROOKLYN,,Precinct,Closed,07/04/2016 07:15:01 AM,The Police Department responded to the complaint and took action to fix the condition.,07/04/2016 08:24:55 AM,06 BROOKLYN,BROOKLYN,981237,185190,Unspecified,BROOKLYN,Unspecified,Unspecified,Unspecified,Unspecified,Unspecified,Unspecified,Unspecified,Unspecified,Unspecified,N,,,,,,,,,,,,40.674980012015965,-74.0108621634411,"(40.674980012015965, -74.0108621634411)"
33751149,07/03/2016 11:23:16 PM,07/04/2016 08:25:01 AM,NYPD,New York City Police Department,Noise - Residential,Loud Music/Party,Residential Building/House,11231,20 DIKEMAN STREET,DIKEMAN STREET,DWIGHT STREET,RICHARDS STREET,,,ADDRESS,BROOKLYN,,Precinct,Closed,07/04/2016 07:23:16 AM,The Police Department responded to the complaint and took action to fix the condition.,07/04/2016 08:25:01 AM,06 BROOKLYN,BROOKLYN,981237,185190,Unspecified,BROOKLYN,Unspecified,Unspecified,Unspecified,Unspecified,Unspecified,Unspecified,Unspecified,Unspecified,Unspecified,N,,,,,,,,,,,,40.674980012015965,-74.0108621634411,"(40.674980012015965, -74.0108621634411)"
33751584,07/03/2016 12:11:16 PM,07/03/2016 01:46:33 PM,NYPD,New York City Police Department,Noise - Residential,Banging/Pounding,Residential Building/House,11231,495 COLUMBIA STREET,COLUMBIA STREET,CENTRE MALL,BUSH STREET,,,ADDRESS,BROOKLYN,,Precinct,Closed,07/03/2016 08:11:16 PM,The Police Department responded to the complaint and took action to fix the condition.,07/03/2016 01:46:33 PM,06 BROOKLYN,BROOKLYN,982242,185411,Unspecified,BROOKLYN,Unspecified,Unspecified,Unspecified,Unspecified,Unspecified,Unspecified,Unspecified,Unspecified,Unspecified,N,,,,,,,,,,,,40.6755868922495,-74.00723910475746,"(40.6755868922495, -74.00723910475746)"
33754596,07/04/2016 09:18:00 AM,07/06/2016 11:00:00 AM,DEP,Department of Environmental Protection,Noise,Noise: Construction Before/After Hours (NM1),,11231,546 CLINTON STREET,CLINTON STREET,LUQUER ST,NELSON ST,,,ADDRESS,BROOKLYN,,N/A,Closed,,"The Department of Environmental Protection did not observe a violation of the New York City Air/Noise Code at the time of inspection and could not issue a notice of violation. If the problem still exists, please call 311 and file a new complaint. If you are outside of New York City, please call (212) NEW-YORK (212-639-9675).",07/06/2016 11:00:00 AM,06 BROOKLYN,BROOKLYN,984095,186070,Unspecified,BROOKLYN,Unspecified,Unspecified,Unspecified,Unspecified,Unspecified,Unspecified,Unspecified,Unspecified,Unspecified,,,,,,,,,,,,,40.67739592494404,-74.00055881059409,"(40.67739592494404, -74.00055881059409)"
33756134,07/04/2016 02:26:27 AM,07/04/2016 08:24:51 AM,NYPD,New York City Police Department,Noise - Street/Sidewalk,Loud Music/Party,Street/Sidewalk,11231,80 BUSH STREET,BUSH STREET,COLUMBIA STREET,HICKS STREET,,,ADDRESS,BROOKLYN,,Precinct,Closed,07/04/2016 10:26:27 AM,The Police Department responded to the complaint and with the information available observed no evidence of the violation at that time.,07/04/2016 08:24:51 AM,06 BROOKLYN,BROOKLYN,982589,185134,Unspecified,BROOKLYN,Unspecified,Unspecified,Unspecified,Unspecified,Unspecified,Unspecified,Unspecified,Unspecified,Unspecified,N,,,,,,,,,,,,40.67482666154016,-74.00598805574464,"(40.67482666154016, -74.00598805574464)"
33756684,07/04/2016 04:48:38 AM,07/04/2016 08:15:10 AM,NYPD,New York City Police Department,Noise - Street/Sidewalk,Loud Music/Party,Street/Sidewalk,11231,464 COLUMBIA STREET,COLUMBIA STREET,CENTRE MALL,BUSH STREET,,,ADDRESS,BROOKLYN,,Precinct,Closed,07/04/2016 12:48:38 PM,The Police Department responded to the complaint and took action to fix the condition.,07/04/2016 08:15:10 AM,06 BROOKLYN,BROOKLYN,982269,185502,Unspecified,BROOKLYN,Unspecified,Unspecified,Unspecified,Unspecified,Unspecified,Unspecified,Unspecified,Unspecified,Unspecified,N,,,,,,,,,,,,40.67583667282373,-74.00714179294518,"(40.67583667282373, -74.00714179294518)"
33757836,07/04/2016 11:06:51 PM,07/05/2016 04:52:20 AM,NYPD,New York City Police Department,Noise - Residential,Loud Music/Party,Residential Building/House,11231,,,,,RICHARDS STREET,VISITATION PLACE,INTERSECTION,BROOKLYN,,Precinct,Closed,07/05/2016 07:06:51 AM,The Police Department responded to the complaint and with the information available observed no evidence of the violation at that time.,07/05/2016 04:52:20 AM,06 BROOKLYN,BROOKLYN,981776,186447,Unspecified,BROOKLYN,Unspecified,Unspecified,Unspecified,Unspecified,Unspecified,Unspecified,Unspecified,Unspecified,Unspecified,N,,,,,,,,,,,,40.67843036034174,-74.00891947649279,"(40.67843036034174, -74.00891947649279)"
33760639,07/05/2016 03:42:17 PM,07/05/2016 09:21:53 PM,NYPD,New York City Police Department,Noise - Residential,Loud Music/Party,Residential Building/House,11231,25 1 PLACE,1 PLACE,HENRY STREET,CLINTON STREET,,,ADDRESS,BROOKLYN,,Precinct,Closed,07/05/2016 11:42:17 PM,The Police Department responded to the complaint and with the information available observed no evidence of the violation at that time.,07/05/2016 09:21:53 PM,06 BROOKLYN,BROOKLYN,984269,187446,Unspecified,BROOKLYN,Unspecified,Unspecified,Unspecified,Unspecified,Unspecified,Unspecified,Unspecified,Unspecified,Unspecified,N,,,,,,,,,,,,40.68117273453932,-73.99993149675738,"(40.68117273453932, -73.99993149675738)"
33765187,07/05/2016 06:29:00 PM,07/08/2016 01:45:00 AM,DEP,Department of Environmental Protection,Noise,Noise: Construction Before/After Hours (NM1),,11231,241 KANE STREET,KANE STREET,TOMPKINS PL,COURT ST,,,ADDRESS,BROOKLYN,,N/A,Closed,,The Department of Environmental Protection determined that this complaint is a duplicate of a previously filed complaint. The original complaint is being addressed.,07/08/2016 01:45:00 AM,06 BROOKLYN,BROOKLYN,985603,189094,Unspecified,BROOKLYN,Unspecified,Unspecified,Unspecified,Unspecified,Unspecified,Unspecified,Unspecified,Unspecified,Unspecified,,,,,,,,,,,,,40.68569601548124,-73.99512151713468,"(40.68569601548124, -73.99512151713468)"
33766083,07/05/2016 10:03:00 PM,07/08/2016 01:15:00 AM,DEP,Department of Environmental Protection,Noise,Noise: Construction Before/After Hours (NM1),,11231,BUTLER STREET,BUTLER STREET,COURT STREET,SMITH STREET,,,BLOCKFACE,BROOKLYN,,N/A,Closed,,"The Department of Environmental Protection did not observe a violation of the New York City Air/Noise Code at the time of inspection and could not issue a notice of violation. If the problem still exists, please call 311 and file a new complaint. If you are outside of New York City, please call (212) NEW-YORK (212-639-9675).",07/08/2016 01:15:00 AM,06 BROOKLYN,BROOKLYN,986084,188709,Unspecified,BROOKLYN,Unspecified,Unspecified,Unspecified,Unspecified,Unspecified,Unspecified,Unspecified,Unspecified,Unspecified,,,,,,,,,,,,,40.68463919187584,-73.9933872906276,"(40.68463919187584, -73.9933872906276)"
33766173,07/05/2016 03:27:28 AM,07/05/2016 06:28:03 AM,NYPD,New York City Police Department,Noise - Residential,Loud Music/Party,Residential Building/House,11231,464 COLUMBIA STREET,COLUMBIA STREET,CENTRE MALL,BUSH STREET,,,ADDRESS,BROOKLYN,,Precinct,Closed,07/05/2016 11:27:28 AM,The Police Department responded to the complaint and took action to fix the condition.,07/05/2016 06:28:03 AM,06 BROOKLYN,BROOKLYN,982269,185502,Unspecified,BROOKLYN,Unspecified,Unspecified,Unspecified,Unspecified,Unspecified,Unspecified,Unspecified,Unspecified,Unspecified,N,,,,,,,,,,,,40.67583667282373,-74.00714179294518,"(40.67583667282373, -74.00714179294518)"
33768436,07/06/2016 05:07:25 PM,07/06/2016 06:29:31 PM,NYPD,New York City Police Department,Noise - Residential,Banging/Pounding,Residential Building/House,11231,80 DWIGHT STREET,DWIGHT STREET,VERONA STREET,BUSH STREET,,,ADDRESS,BROOKLYN,,Precinct,Closed,07/07/2016 01:07:25 AM,The Police Department responded to the complaint and took action to fix the condition.,07/06/2016 06:29:31 PM,06 BROOKLYN,BROOKLYN,981804,185640,Unspecified,BROOKLYN,Unspecified,Unspecified,Unspecified,Unspecified,Unspecified,Unspecified,Unspecified,Unspecified,Unspecified,N,,,,,,,,,,,,40.676215335436034,-74.00881823560762,"(40.676215335436034, -74.00881823560762)"
33768536,07/06/2016 01:48:47 PM,07/06/2016 02:28:30 PM,NYPD,New York City Police Department,Noise - Street/Sidewalk,Loud Music/Party,Street/Sidewalk,11231,38 BUSH STREET,BUSH STREET,DWIGHT STREET,COLUMBIA STREET,,,ADDRESS,BROOKLYN,,Precinct,Closed,07/06/2016 09:48:47 PM,The Police Department responded to the complaint and took action to fix the condition.,07/06/2016 02:28:30 PM,06 BROOKLYN,BROOKLYN,982007,185347,Unspecified,BROOKLYN,Unspecified,Unspecified,Unspecified,Unspecified,Unspecified,Unspecified,Unspecified,Unspecified,Unspecified,N,,,,,,,,,,,,40.67541117024475,-74.00808628943892,"(40.67541117024475, -74.00808628943892)"
33770767,07/06/2016 03:08:03 PM,07/06/2016 06:30:38 PM,NYPD,New York City Police Department,Noise - Street/Sidewalk,Loud Music/Party,Street/Sidewalk,11231,38 BUSH STREET,BUSH STREET,DWIGHT STREET,COLUMBIA STREET,,,ADDRESS,BROOKLYN,,Precinct,Closed,07/06/2016 11:08:03 PM,The Police Department issued a summons in response to the complaint.,07/06/2016 06:30:38 PM,06 BROOKLYN,BROOKLYN,982007,185347,Unspecified,BROOKLYN,Unspecified,Unspecified,Unspecified,Unspecified,Unspecified,Unspecified,Unspecified,Unspecified,Unspecified,N,,,,,,,,,,,,40.67541117024475,-74.00808628943892,"(40.67541117024475, -74.00808628943892)"
33773121,07/06/2016 10:32:56 PM,07/06/2016 11:33:06 PM,NYPD,New York City Police Department,Noise - Park,Loud Music/Party,Park/Playground,11231,,,,,DWIGHT STREET,VERONA STREET,INTERSECTION,BROOKLYN,,Precinct,Closed,07/07/2016 06:32:56 AM,The Police Department responded to the complaint and with the information available observed no evidence of the violation at that time.,07/06/2016 11:33:06 PM,06 BROOKLYN,BROOKLYN,982365,186270,Unspecified,BROOKLYN,Unspecified,Unspecified,Unspecified,Unspecified,Unspecified,Unspecified,Unspecified,Unspecified,Unspecified,N,,,,,,,,,,,,40.67794468039868,-74.00679591379624,"(40.67794468039868, -74.00679591379624)"
33773214,07/06/2016 02:40:51 PM,07/06/2016 03:53:15 PM,NYPD,New York City Police Department,Noise - Street/Sidewalk,Loud Music/Party,Street/Sidewalk,11231,38 BUSH STREET,BUSH STREET,DWIGHT STREET,COLUMBIA STREET,,,ADDRESS,BROOKLYN,,Precinct,Closed,07/06/2016 10:40:51 PM,The Police Department issued a summons in response to the complaint.,07/06/2016 03:53:15 PM,06 BROOKLYN,BROOKLYN,982007,185347,Unspecified,BROOKLYN,Unspecified,Unspecified,Unspecified,Unspecified,Unspecified,Unspecified,Unspecified,Unspecified,Unspecified,N,,,,,,,,,,,,40.67541117024475,-74.00808628943892,"(40.67541117024475, -74.00808628943892)"
33778619,07/08/2016 12:16:58 AM,07/08/2016 05:01:23 AM,NYPD,New York City Police Department,Noise - Commercial,Car/Truck Music,Store/Commercial,11231,3 COMMERCE STREET,COMMERCE STREET,COLUMBIA STREET,RICHARDS STREET,,,ADDRESS,BROOKLYN,,Precinct,Closed,07/08/2016 08:16:58 AM,The Police Department responded to the complaint and took action to fix the condition.,07/08/2016 05:01:23 AM,06 BROOKLYN,BROOKLYN,982624,186732,Unspecified,BROOKLYN,Unspecified,Unspecified,Unspecified,Unspecified,Unspecified,Unspecified,Unspecified,Unspecified,Unspecified,N,,,,,,,,,,,,40.679212817199485,-74.00586226310722,"(40.679212817199485, -74.00586226310722)"
33782139,07/07/2016 08:41:00 PM,07/12/2016 09:15:00 AM,DEP,Department of Environmental Protection,Noise,Noise: Alarms (NR3),,11231,380 CLINTON STREET,CLINTON STREET,DE GRAW ST,SACKETT ST,,,ADDRESS,BROOKLYN,,N/A,Closed,,"The Department of Environmental Protection did not observe a violation of the New York City Air/Noise Code at the time of inspection and could not issue a notice of violation. If the problem still exists, please call 311 and file a new complaint. If you are outside of New York City, please call (212) NEW-YORK (212-639-9675).",07/12/2016 09:15:00 AM,06 BROOKLYN,BROOKLYN,984967,188452,Unspecified,BROOKLYN,Unspecified,Unspecified,Unspecified,Unspecified,Unspecified,Unspecified,Unspecified,Unspecified,Unspecified,,,,,,,,,,,,,40.68393394649845,-73.99741479690712,"(40.68393394649845, -73.99741479690712)"
33786202,07/07/2016 07:06:04 PM,07/07/2016 08:38:17 PM,NYPD,New York City Police Department,Noise - Residential,Loud Music/Party,Residential Building/House,11231,9 LORRAINE STREET,LORRAINE STREET,OTSEGO STREET,COLUMBIA STREET,,,ADDRESS,BROOKLYN,,Precinct,Closed,07/08/2016 03:06:04 AM,The Police Department responded to the complaint and with the information available observed no evidence of the violation at that time.,07/07/2016 08:38:17 PM,06 BROOKLYN,BROOKLYN,981662,185217,Unspecified,BROOKLYN,Unspecified,Unspecified,Unspecified,Unspecified,Unspecified,Unspecified,Unspecified,Unspecified,Unspecified,N,,,,,,,,,,,,40.67505425538605,-74.00933000672438,"(40.67505425538605, -74.00933000672438)"
33787917,07/07/2016 08:50:39 PM,07/07/2016 09:55:25 PM,NYPD,New York City Police Department,Noise - Street/Sidewalk,Loud Music/Party,Street/Sidewalk,11231,368 CLINTON STREET,CLINTON STREET,KANE STREET,DE GRAW STREET,,,ADDRESS,BROOKLYN,,Precinct,Closed,07/08/2016 04:50:39 AM,The Police Department responded to the complaint and determined that police action was not necessary.,07/07/2016 09:55:26 PM,06 BROOKLYN,BROOKLYN,985059,188701,Unspecified,BROOKLYN,Unspecified,Unspecified,Unspecified,Unspecified,Unspecified,Unspecified,Unspecified,Unspecified,Unspecified,N,,,,,,,,,,,,40.68461738673637,-73.99708305336488,"(40.68461738673637, -73.99708305336488)"
33790967,07/08/2016 08:54:31 PM,07/09/2016 01:43:46 AM,NYPD,New York City Police Department,Noise - Residential,Banging/Pounding,Residential Building/House,11231,108 PIONEER STREET,PIONEER STREET,RICHARDS STREET,VAN BRUNT STREET,,,ADDRESS,BROOKLYN,,Precinct,Closed,07/09/2016 04:54:31 AM,The Police Department responded to the complaint and with the information available observed no evidence of the violation at that time.,07/09/2016 01:43:46 AM,06 BROOKLYN,BROOKLYN,981390,186447,Unspecified,BROOKLYN,Unspecified,Unspecified,Unspecified,Unspecified,Unspecified,Unspecified,Unspecified,Unspecified,Unspecified,N,,,,,,,,,,,,40.678430244045366,-74.01031111670967,"(40.678430244045366, -74.01031111670967)"
33791425,07/08/2016 11:49:00 AM,07/12/2016 08:00:00 AM,DEP,Department of Environmental Protection,Noise,Noise: Construction Before/After Hours (NM1),,11231,92 3 PLACE,3 PLACE,CLINTON ST,COURT ST,,,ADDRESS,BROOKLYN,,N/A,Closed,,"The Department of Environmental Protection did not observe a violation of the New York City Air/Noise Code at the time of inspection and could not issue a notice of violation. If the problem still exists, please call 311 and file a new complaint. If you are outside of New York City, please call (212) NEW-YORK (212-639-9675).",07/12/2016 08:00:00 AM,06 BROOKLYN,BROOKLYN,984734,186594,Unspecified,BROOKLYN,Unspecified,Unspecified,Unspecified,Unspecified,Unspecified,Unspecified,Unspecified,Unspecified,Unspecified,,,,,,,,,,,,,40.67883417455891,-73.99825503122244,"(40.67883417455891, -73.99825503122244)"
33792559,07/09/2016 12:52:38 AM,07/09/2016 01:35:24 AM,NYPD,New York City Police Department,Noise - Residential,Banging/Pounding,Residential Building/House,11231,442 COLUMBIA STREET,COLUMBIA STREET,MILL STREET,CENTRE MALL,,,ADDRESS,BROOKLYN,,Precinct,Closed,07/09/2016 08:52:38 AM,The Police Department responded to the complaint and a report was prepared.,07/09/2016 01:35:24 AM,06 BROOKLYN,BROOKLYN,982335,185684,Unspecified,BROOKLYN,Unspecified,Unspecified,Unspecified,Unspecified,Unspecified,Unspecified,Unspecified,Unspecified,Unspecified,N,,,,,,,,,,,,40.67633623630667,-74.00690390506573,"(40.67633623630667, -74.00690390506573)"
33798185,07/09/2016 03:52:40 PM,07/09/2016 07:21:40 PM,NYPD,New York City Police Department,Noise - Residential,Banging/Pounding,Residential Building/House,11231,38 BUSH STREET,BUSH STREET,DWIGHT STREET,COLUMBIA STREET,,,ADDRESS,BROOKLYN,,Precinct,Closed,07/09/2016 11:52:40 PM,The Police Department responded to the complaint and with the information available observed no evidence of the violation at that time.,07/09/2016 07:21:40 PM,06 BROOKLYN,BROOKLYN,982007,185347,Unspecified,BROOKLYN,Unspecified,Unspecified,Unspecified,Unspecified,Unspecified,Unspecified,Unspecified,Unspecified,Unspecified,N,,,,,,,,,,,,40.67541117024475,-74.00808628943892,"(40.67541117024475, -74.00808628943892)"
33800042,07/09/2016 05:38:20 AM,07/09/2016 07:40:34 AM,NYPD,New York City Police Department,Noise - Street/Sidewalk,Loud Music/Party,Street/Sidewalk,11231,,,,,SUMMIT STREET,HICKS STREET,INTERSECTION,BROOKLYN,,Precinct,Closed,07/09/2016 01:38:20 PM,The Police Department responded to the complaint and with the information available observed no evidence of the violation at that time.,07/09/2016 07:40:34 AM,06 BROOKLYN,BROOKLYN,983625,187709,Unspecified,BROOKLYN,Unspecified,Unspecified,Unspecified,Unspecified,Unspecified,Unspecified,Unspecified,Unspecified,Unspecified,N,,,,,,,,,,,,40.681894587711675,-74.00225342053115,"(40.681894587711675, -74.00225342053115)"
33801389,07/09/2016 03:54:43 PM,07/09/2016 07:21:38 PM,NYPD,New York City Police Department,Noise - Residential,Banging/Pounding,Residential Building/House,11231,428 COLUMBIA STREET,COLUMBIA STREET,WEST 9 STREET,MILL STREET,,,ADDRESS,BROOKLYN,,Precinct,Closed,07/09/2016 11:54:43 PM,The Police Department responded to the complaint and with the information available observed no evidence of the violation at that time.,07/09/2016 07:21:38 PM,06 BROOKLYN,BROOKLYN,982367,185769,Unspecified,BROOKLYN,Unspecified,Unspecified,Unspecified,Unspecified,Unspecified,Unspecified,Unspecified,Unspecified,Unspecified,N,,,,,,,,,,,,40.6765695489937,-74.00678856329901,"(40.6765695489937, -74.00678856329901)"
33801390,07/09/2016 03:48:31 PM,07/09/2016 07:21:40 PM,NYPD,New York City Police Department,Noise - Residential,Banging/Pounding,Residential Building/House,11231,80 DWIGHT STREET,DWIGHT STREET,VERONA STREET,BUSH STREET,,,ADDRESS,BROOKLYN,,Precinct,Closed,07/09/2016 11:48:31 PM,The Police Department responded to the complaint and with the information available observed no evidence of the violation at that time.,07/09/2016 07:21:40 PM,06 BROOKLYN,BROOKLYN,981804,185640,Unspecified,BROOKLYN,Unspecified,Unspecified,Unspecified,Unspecified,Unspecified,Unspecified,Unspecified,Unspecified,Unspecified,N,,,,,,,,,,,,40.676215335436034,-74.00881823560762,"(40.676215335436034, -74.00881823560762)"
33802246,07/10/2016 12:10:05 AM,07/10/2016 02:30:11 AM,NYPD,New York City Police Department,Noise - Residential,Loud Music/Party,Residential Building/House,11231,89 VERONA STREET,VERONA STREET,RICHARDS STREET,VAN BRUNT STREET,,,ADDRESS,BROOKLYN,,Precinct,Closed,07/10/2016 08:10:05 AM,The Police Department responded to the complaint and with the information available observed no evidence of the violation at that time.,07/10/2016 02:30:11 AM,06 BROOKLYN,BROOKLYN,981674,186884,Unspecified,BROOKLYN,Unspecified,Unspecified,Unspecified,Unspecified,Unspecified,Unspecified,Unspecified,Unspecified,Unspecified,N,,,,,,,,,,,,40.6796297972724,-74.00928738265931,"(40.6796297972724, -74.00928738265931)"
33808670,07/10/2016 05:45:58 PM,07/10/2016 07:56:04 PM,NYPD,New York City Police Department,Noise - Commercial,Loud Music/Party,Store/Commercial,11231,700 HICKS STREET,HICKS STREET,LUQUER STREET,NELSON STREET,,,ADDRESS,BROOKLYN,,Precinct,Closed,07/11/2016 01:45:58 AM,The Police Department responded to the complaint and with the information available observed no evidence of the violation at that time.,07/10/2016 07:56:04 PM,06 BROOKLYN,BROOKLYN,983151,186436,Unspecified,BROOKLYN,Unspecified,Unspecified,Unspecified,Unspecified,Unspecified,Unspecified,Unspecified,Unspecified,Unspecified,N,,,,,,,,,,,,40.67840044532978,-74.00396220705531,"(40.67840044532978, -74.00396220705531)"
33811112,07/11/2016 11:50:00 AM,07/12/2016 10:00:00 AM,DEP,Department of Environmental Protection,Noise,Noise: Alarms (NR3),,11231,301 DEGRAW STREET,DEGRAW STREET,COURT ST,SMITH ST,,,ADDRESS,BROOKLYN,,N/A,Closed,,"The Department of Environmental Protection did not observe a violation of the New York City Air/Noise Code at the time of inspection and could not issue a notice of violation. If the problem still exists, please call 311 and file a new complaint. If you are outside of New York City, please call (212) NEW-YORK (212-639-9675).",07/12/2016 10:00:00 AM,06 BROOKLYN,BROOKLYN,985789,188276,Unspecified,BROOKLYN,Unspecified,Unspecified,Unspecified,Unspecified,Unspecified,Unspecified,Unspecified,Unspecified,Unspecified,,,,,,,,,,,,,40.683450761880025,-73.99445104779147,"(40.683450761880025, -73.99445104779147)"
33811861,07/11/2016 04:28:01 AM,07/11/2016 06:19:25 AM,NYPD,New York City Police Department,Noise - Street/Sidewalk,Loud Music/Party,Street/Sidewalk,11231,464 COLUMBIA STREET,COLUMBIA STREET,CENTRE MALL,BUSH STREET,,,ADDRESS,BROOKLYN,,Precinct,Closed,07/11/2016 12:28:01 PM,The Police Department responded to the complaint and took action to fix the condition.,07/11/2016 06:19:25 AM,06 BROOKLYN,BROOKLYN,982269,185502,Unspecified,BROOKLYN,Unspecified,Unspecified,Unspecified,Unspecified,Unspecified,Unspecified,Unspecified,Unspecified,Unspecified,N,,,,,,,,,,,,40.67583667282373,-74.00714179294518,"(40.67583667282373, -74.00714179294518)"
33812989,07/11/2016 03:09:47 AM,07/11/2016 06:19:45 AM,NYPD,New York City Police Department,Noise - Street/Sidewalk,Loud Music/Party,Street/Sidewalk,11231,464 COLUMBIA STREET,COLUMBIA STREET,CENTRE MALL,BUSH STREET,,,ADDRESS,BROOKLYN,,Precinct,Closed,07/11/2016 11:09:47 AM,The Police Department responded to the complaint and took action to fix the condition.,07/11/2016 06:19:45 AM,06 BROOKLYN,BROOKLYN,982269,185502,Unspecified,BROOKLYN,Unspecified,Unspecified,Unspecified,Unspecified,Unspecified,Unspecified,Unspecified,Unspecified,Unspecified,N,,,,,,,,,,,,40.67583667282373,-74.00714179294518,"(40.67583667282373, -74.00714179294518)"
33814014,07/11/2016 11:45:19 PM,07/12/2016 12:40:34 AM,NYPD,New York City Police Department,Noise - Residential,Loud Music/Party,Residential Building/House,11231,LORRAINE STREET,LORRAINE STREET,HICKS STREET,HENRY STREET,,,BLOCKFACE,BROOKLYN,,Precinct,Closed,07/12/2016 07:45:19 AM,The Police Department responded to the complaint and with the information available observed no evidence of the violation at that time.,07/12/2016 12:40:35 AM,06 BROOKLYN,BROOKLYN,,,Unspecified,BROOKLYN,Unspecified,Unspecified,Unspecified,Unspecified,Unspecified,Unspecified,Unspecified,Unspecified,Unspecified,N,,,,,,,,,,,,,,
33815570,07/11/2016 01:38:00 PM,07/15/2016 11:00:00 AM,DEP,Department of Environmental Protection,Noise,Noise: air condition/ventilation equipment (NV1),,11231,295 SMITH STREET,SMITH STREET,SACKETT ST,UNION ST,,,ADDRESS,BROOKLYN,,N/A,Closed,,"The Department of Environmental Protection did not observe a violation of the New York City Air/Noise Code at the time of inspection and could not issue a notice of violation. If the problem still exists, please call 311 and file a new complaint. If you are outside of New York City, please call (212) NEW-YORK (212-639-9675).",07/15/2016 11:00:00 AM,06 BROOKLYN,BROOKLYN,985996,187721,Unspecified,BROOKLYN,Unspecified,Unspecified,Unspecified,Unspecified,Unspecified,Unspecified,Unspecified,Unspecified,Unspecified,,,,,,,,,,,,,40.68192737484613,-73.99370484130436,"(40.68192737484613, -73.99370484130436)"
33817376,07/11/2016 03:01:07 PM,07/11/2016 03:45:09 PM,NYPD,New York City Police Department,Noise - Commercial,Loud Music/Party,Club/Bar/Restaurant,11231,43 BAY STREET,BAY STREET,OTSEGO STREET,COLUMBIA STREET,,,ADDRESS,BROOKLYN,,Precinct,Closed,07/11/2016 11:01:07 PM,The Police Department responded to the complaint and with the information available observed no evidence of the violation at that time.,07/11/2016 03:45:09 PM,06 BROOKLYN,BROOKLYN,981812,184627,Unspecified,BROOKLYN,Unspecified,Unspecified,Unspecified,Unspecified,Unspecified,Unspecified,Unspecified,Unspecified,Unspecified,N,,,,,,,,,,,,40.67343488065386,-74.00878902785617,"(40.67343488065386, -74.00878902785617)"
33817419,07/11/2016 02:51:49 AM,07/11/2016 06:20:13 AM,NYPD,New York City Police Department,Noise - Residential,Loud Music/Party,Residential Building/House,11231,464 COLUMBIA STREET,COLUMBIA STREET,CENTRE MALL,BUSH STREET,,,ADDRESS,BROOKLYN,,Precinct,Closed,07/11/2016 10:51:49 AM,The Police Department responded to the complaint and took action to fix the condition.,07/11/2016 06:20:13 AM,06 BROOKLYN,BROOKLYN,982269,185502,Unspecified,BROOKLYN,Unspecified,Unspecified,Unspecified,Unspecified,Unspecified,Unspecified,Unspecified,Unspecified,Unspecified,N,,,,,,,,,,,,40.67583667282373,-74.00714179294518,"(40.67583667282373, -74.00714179294518)"
33817490,07/11/2016 11:11:03 PM,07/12/2016 12:08:52 AM,NYPD,New York City Police Department,Noise - Residential,Loud Music/Party,Residential Building/House,11231,131 LORRAINE STREET,LORRAINE STREET,HICKS STREET,HENRY STREET,,,ADDRESS,BROOKLYN,,Precinct,Closed,07/12/2016 07:11:03 AM,The Police Department responded to the complaint and with the information available observed no evidence of the violation at that time.,07/12/2016 12:08:52 AM,06 BROOKLYN,BROOKLYN,982956,184751,Unspecified,BROOKLYN,Unspecified,Unspecified,Unspecified,Unspecified,Unspecified,Unspecified,Unspecified,Unspecified,Unspecified,N,,,,,,,,,,,,40.67377547393014,-74.00466491390965,"(40.67377547393014, -74.00466491390965)"
33770941,07/06/2016 08:11:00 PM,07/11/2016 07:45:00 PM,DEP,Department of Environmental Protection,Noise,Noise: Construction Before/After Hours (NM1),,11231,131 UNION STREET,UNION STREET,COLUMBIA ST,HICKS ST,,,ADDRESS,BROOKLYN,,N/A,Closed,,"The Department of Environmental Protection did not observe a violation of the New York City Air/Noise Code at the time of inspection and could not issue a notice of violation. If the problem still exists, please call 311 and file a new complaint. If you are outside of New York City, please call (212) NEW-YORK (212-639-9675).",07/11/2016 07:45:00 PM,06 BROOKLYN,BROOKLYN,983531,188578,Unspecified,BROOKLYN,Unspecified,Unspecified,Unspecified,Unspecified,Unspecified,Unspecified,Unspecified,Unspecified,Unspecified,,,,,,,,,,,,,40.684279787585346,-74.00259242770416,"(40.684279787585346, -74.00259242770416)"
33798652,07/09/2016 09:35:00 AM,07/16/2016 01:00:00 PM,DEP,Department of Environmental Protection,Noise,Noise: Construction Before/After Hours (NM1),,11231,93 DOUGLASS STREET,DOUGLASS STREET,SMITH ST,HOYT ST,,,ADDRESS,BROOKLYN,,N/A,Closed,,"The Department of Environmental Protection did not observe a violation of the New York City Air/Noise Code at the time of inspection and could not issue a notice of violation. If the problem still exists, please call 311 and file a new complaint. If you are outside of New York City, please call (212) NEW-YORK (212-639-9675).",07/16/2016 01:00:00 PM,06 BROOKLYN,BROOKLYN,986610,188154,Unspecified,BROOKLYN,Unspecified,Unspecified,Unspecified,Unspecified,Unspecified,Unspecified,Unspecified,Unspecified,Unspecified,,,,,,,,,,,,,40.6831157188622,-73.9914909282467,"(40.6831157188622, -73.9914909282467)"
33802604,07/09/2016 11:09:00 AM,07/16/2016 12:00:00 PM,DEP,Department of Environmental Protection,Noise,Noise: Construction Before/After Hours (NM1),,11231,25 TOMPKINS PLACE,TOMPKINS PLACE,KANE ST,DEGRAW ST,,,ADDRESS,BROOKLYN,,N/A,Closed,,"The Department of Environmental Protection did not observe a violation of the New York City Air/Noise Code at the time of inspection and could not issue a notice of violation. If the problem still exists, please call 311 and file a new complaint. If you are outside of New York City, please call (212) NEW-YORK (212-639-9675).",07/16/2016 12:00:00 PM,06 BROOKLYN,BROOKLYN,985438,188863,Unspecified,BROOKLYN,Unspecified,Unspecified,Unspecified,Unspecified,Unspecified,Unspecified,Unspecified,Unspecified,Unspecified,,,,,,,,,,,,,40.68506199697574,-73.99571649479785,"(40.68506199697574, -73.99571649479785)"
33689686,06/25/2016 09:01:00 PM,07/02/2016 08:45:00 AM,DEP,Department of Environmental Protection,Noise,Noise: Construction Before/After Hours (NM1),,11231,20 CARROLL STREET,CARROLL STREET,VANBRUNT ST,COLUMBIA ST,,,ADDRESS,BROOKLYN,,N/A,Closed,,"The Department of Environmental Protection did not observe a violation of the New York City Air/Noise Code at the time of inspection and could not issue a notice of violation. If the problem still exists, please call 311 and file a new complaint. If you are outside of New York City, please call (212) NEW-YORK (212-639-9675).",07/02/2016 08:45:00 AM,06 BROOKLYN,BROOKLYN,982865,188263,Unspecified,BROOKLYN,Unspecified,Unspecified,Unspecified,Unspecified,Unspecified,Unspecified,Unspecified,Unspecified,Unspecified,,,,,,,,,,,,,40.68341510527991,-74.00499369376118,"(40.68341510527991, -74.00499369376118)"
33714681,06/29/2016 07:58:00 AM,07/02/2016 08:00:00 AM,DEP,Department of Environmental Protection,Noise,Noise: Jack Hammering (NC2),,11231,,,DEGRAW ST,TIFFANY PL,DEGRAW STREET,TIFFANY PLACE,INTERSECTION,BROOKLYN,,N/A,Closed,,The Department of Environmental Protection requires contact with the complainant to investigate this complaint. The complaint was closed because attempts made to contact the complainant by phone and/or letter received no response.,07/02/2016 08:00:00 AM,06 BROOKLYN,BROOKLYN,983834,189020,Unspecified,BROOKLYN,Unspecified,Unspecified,Unspecified,Unspecified,Unspecified,Unspecified,Unspecified,Unspecified,Unspecified,,,,,,,,,,,,,40.6854929960394,-74.00149995764392,"(40.6854929960394, -74.00149995764392)"
33747917,07/03/2016 01:44:00 PM,07/10/2016 03:45:00 PM,DEP,Department of Environmental Protection,Noise,Noise: Construction Before/After Hours (NM1),,11231,421 BOND STREET,BOND STREET,3 ST,4 ST,,,ADDRESS,BROOKLYN,,N/A,Closed,,"The Department of Environmental Protection did not observe a violation of the New York City Air/Noise Code at the time of inspection and could not issue a notice of violation. If the problem still exists, please call 311 and file a new complaint. If you are outside of New York City, please call (212) NEW-YORK (212-639-9675).",07/10/2016 03:45:00 PM,06 BROOKLYN,BROOKLYN,986399,185732,Unspecified,BROOKLYN,Unspecified,Unspecified,Unspecified,Unspecified,Unspecified,Unspecified,Unspecified,Unspecified,Unspecified,,,,,,,,,,,,,40.676467931764336,-73.99225246930142,"(40.676467931764336, -73.99225246930142)"
33747990,07/03/2016 08:44:00 AM,07/10/2016 03:45:00 PM,DEP,Department of Environmental Protection,Noise,Noise: Jack Hammering (NC2),,11231,421 BOND STREET,BOND STREET,3 ST,4 ST,,,ADDRESS,BROOKLYN,,N/A,Closed,,The Department of Environmental Protection determined that this complaint is a duplicate of a previously filed complaint. The original complaint is being addressed.,07/10/2016 03:45:00 PM,06 BROOKLYN,BROOKLYN,986399,185732,Unspecified,BROOKLYN,Unspecified,Unspecified,Unspecified,Unspecified,Unspecified,Unspecified,Unspecified,Unspecified,Unspecified,,,,,,,,,,,,,40.676467931764336,-73.99225246930142,"(40.676467931764336, -73.99225246930142)"
33751069,07/03/2016 09:06:00 AM,07/10/2016 03:45:00 PM,DEP,Department of Environmental Protection,Noise,Noise: Construction Before/After Hours (NM1),,11231,421 BOND STREET,BOND STREET,3 ST,4 ST,,,ADDRESS,BROOKLYN,,N/A,Closed,,The Department of Environmental Protection determined that this complaint is a duplicate of a previously filed complaint. The original complaint is being addressed.,07/10/2016 03:45:00 PM,06 BROOKLYN,BROOKLYN,986399,185732,Unspecified,BROOKLYN,Unspecified,Unspecified,Unspecified,Unspecified,Unspecified,Unspecified,Unspecified,Unspecified,Unspecified,,,,,,,,,,,,,40.676467931764336,-73.99225246930142,"(40.676467931764336, -73.99225246930142)"
33762812,07/05/2016 06:08:00 PM,07/08/2016 01:45:00 AM,DEP,Department of Environmental Protection,Noise,Noise: Construction Before/After Hours (NM1),,11231,241 KANE STREET,KANE STREET,TOMPKINS PL,COURT ST,,,ADDRESS,BROOKLYN,,N/A,Closed,,"The Department of Environmental Protection did not observe a violation of the New York City Air/Noise Code at the time of inspection and could not issue a notice of violation. If the problem still exists, please call 311 and file a new complaint. If you are outside of New York City, please call (212) NEW-YORK (212-639-9675).",07/08/2016 01:45:00 AM,06 BROOKLYN,BROOKLYN,985603,189094,Unspecified,BROOKLYN,Unspecified,Unspecified,Unspecified,Unspecified,Unspecified,Unspecified,Unspecified,Unspecified,Unspecified,,,,,,,,,,,,,40.68569601548124,-73.99512151713468,"(40.68569601548124, -73.99512151713468)"
33772701,07/06/2016 05:49:28 AM,11/07/2016 12:35:51 PM,EDC,Economic Development Corporation,Noise - Helicopter,Other,Above Address,11231,,,,,SACKETT STREET,SMITH STREET,INTERSECTION,BROOKLYN,,N/A,Closed,07/16/2016 05:49:28 AM,"The New York City Economic Development Corporation determined that this issue is not within its jurisdiction because the helicopter did not belong to a tour operating company. Instead, it was most likely a law enforcement or news gathering helicopter, which is not subject to the routing protocols established for tour helicopters.",11/07/2016 12:35:10 PM,06 BROOKLYN,BROOKLYN,986058,187847,Unspecified,BROOKLYN,Unspecified,Unspecified,Unspecified,Unspecified,Unspecified,Unspecified,Unspecified,Unspecified,Unspecified,N,,,,,,,,,,,,40.68227320373314,-73.9934812680715,"(40.68227320373314, -73.9934812680715)"
33789286,07/08/2016 11:53:00 PM,07/12/2016 10:15:00 PM,DEP,Department of Environmental Protection,Noise,Noise: Construction Before/After Hours (NM1),,11231,BUTLER STREET,BUTLER STREET,COURT STREET,SMITH STREET,,,BLOCKFACE,BROOKLYN,,N/A,Closed,,"The Department of Environmental Protection did not observe a violation of the New York City Air/Noise Code at the time of inspection and could not issue a notice of violation. If the problem still exists, please call 311 and file a new complaint. If you are outside of New York City, please call (212) NEW-YORK (212-639-9675).",07/12/2016 10:15:00 PM,06 BROOKLYN,BROOKLYN,986084,188709,Unspecified,BROOKLYN,Unspecified,Unspecified,Unspecified,Unspecified,Unspecified,Unspecified,Unspecified,Unspecified,Unspecified,,,,,,,,,,,,,40.68463919187584,-73.9933872906276,"(40.68463919187584, -73.9933872906276)"
33799451,07/09/2016 05:26:00 PM,07/16/2016 02:30:00 PM,DEP,Department of Environmental Protection,Noise,Noise: Construction Before/After Hours (NM1),,11231,93 DOUGLASS STREET,DOUGLASS STREET,SMITH ST,HOYT ST,,,ADDRESS,BROOKLYN,,N/A,Closed,,"The Department of Environmental Protection did not observe a violation of the New York City Air/Noise Code at the time of inspection and could not issue a notice of violation. If the problem still exists, please call 311 and file a new complaint. If you are outside of New York City, please call (212) NEW-YORK (212-639-9675).",07/16/2016 02:30:00 PM,06 BROOKLYN,BROOKLYN,986610,188154,Unspecified,BROOKLYN,Unspecified,Unspecified,Unspecified,Unspecified,Unspecified,Unspecified,Unspecified,Unspecified,Unspecified,,,,,,,,,,,,,40.6831157188622,-73.9914909282467,"(40.6831157188622, -73.9914909282467)"
33805580,07/10/2016 04:58:00 AM,07/14/2016 04:15:00 PM,DEP,Department of Environmental Protection,Noise,Noise: air condition/ventilation equipment (NV1),,11231,610 HENRY STREET,HENRY STREET,RAPELYE ST,3 PL,,,ADDRESS,BROOKLYN,,N/A,Closed,,The Department of Environmental Protection requires contact with the complainant to investigate this complaint. The complaint was closed because attempts made to contact the complainant by phone and/or letter received no response.,07/14/2016 04:15:00 PM,06 BROOKLYN,BROOKLYN,983868,187044,Unspecified,BROOKLYN,Unspecified,Unspecified,Unspecified,Unspecified,Unspecified,Unspecified,Unspecified,Unspecified,Unspecified,,,,,,,,,,,,,40.68006932757277,-74.00137725293179,"(40.68006932757277, -74.00137725293179)"
33810053,07/11/2016 08:51:00 PM,07/13/2016 12:30:00 AM,DEP,Department of Environmental Protection,Noise,Noise: Construction Before/After Hours (NM1),,11231,BUTLER STREET,BUTLER STREET,COURT STREET,SMITH STREET,,,BLOCKFACE,BROOKLYN,,N/A,Closed,,"The Department of Environmental Protection did not observe a violation of the New York City Air/Noise Code at the time of inspection and could not issue a notice of violation. If the problem still exists, please call 311 and file a new complaint. If you are outside of New York City, please call (212) NEW-YORK (212-639-9675).",07/13/2016 12:30:00 AM,06 BROOKLYN,BROOKLYN,986084,188709,Unspecified,BROOKLYN,Unspecified,Unspecified,Unspecified,Unspecified,Unspecified,Unspecified,Unspecified,Unspecified,Unspecified,,,,,,,,,,,,,40.68463919187584,-73.9933872906276,"(40.68463919187584, -73.9933872906276)"
